-- phpMyAdmin SQL Dump
-- version 4.7.7
-- https://www.phpmyadmin.net/
--
-- Máy chủ: localhost:3306
-- Thời gian đã tạo: Th10 12, 2018 lúc 03:22 AM
-- Phiên bản máy phục vụ: 10.1.31-MariaDB
-- Phiên bản PHP: 7.0.26

SET SQL_MODE = "NO_AUTO_VALUE_ON_ZERO";
SET AUTOCOMMIT = 0;
START TRANSACTION;
SET time_zone = "+00:00";


/*!40101 SET @OLD_CHARACTER_SET_CLIENT=@@CHARACTER_SET_CLIENT */;
/*!40101 SET @OLD_CHARACTER_SET_RESULTS=@@CHARACTER_SET_RESULTS */;
/*!40101 SET @OLD_COLLATION_CONNECTION=@@COLLATION_CONNECTION */;
/*!40101 SET NAMES utf8mb4 */;

--
-- Cơ sở dữ liệu: `id2114743_zdc`
--

-- --------------------------------------------------------

--
-- Cấu trúc bảng cho bảng `actions`
--

CREATE TABLE `actions` (
  `id` int(11) NOT NULL,
  `name` varchar(255) DEFAULT NULL,
  `cost` varchar(255) DEFAULT NULL,
  `time` varchar(255) DEFAULT NULL,
  `location` varchar(255) DEFAULT NULL,
  `comment` varchar(255) DEFAULT NULL,
  `type_id` int(11) DEFAULT NULL,
  `is_sync` int(11) DEFAULT NULL,
  `is_deleted` int(11) NOT NULL,
  `created_at` timestamp NULL DEFAULT NULL,
  `updated_at` timestamp NULL DEFAULT NULL,
  `user_id` int(11) DEFAULT '1',
  `location_id` int(11) DEFAULT NULL,
  `latlong` varchar(255) NOT NULL
) ENGINE=MyISAM DEFAULT CHARSET=utf8mb4;

--
-- Đang đổ dữ liệu cho bảng `actions`
--

INSERT INTO `actions` (`id`, `name`, `cost`, `time`, `location`, `comment`, `type_id`, `is_sync`, `is_deleted`, `created_at`, `updated_at`, `user_id`, `location_id`, `latlong`) VALUES
(1, 'Bò húc', '20000', '20180516', NULL, 'Cà phê Vòng Tròn', 2, 1, 0, '2018-05-16 11:21:48', '2018-05-16 11:21:48', 1, 1, '10.786,106.692'),
(2, 'Mì xào trứng', '15000', '20180516', NULL, NULL, 1, 1, 0, '2018-05-16 11:21:48', '2018-05-28 16:44:55', 1, NULL, '10.786,106.692'),
(3, 'Bánh bao xá xíu', '15000', '20180517', NULL, 'null', 1, 1, 0, '2018-05-17 01:25:21', '2018-05-17 01:25:21', 1, 12, '10.786,106.692'),
(4, '2 lon bò húc', '40000', '20180517', NULL, 'Nhà thờ Thánh Bường, Bắc Hải', 2, 1, 0, '2018-05-17 12:25:21', '2018-05-17 12:25:21', 1, 2, '10.786,106.692'),
(5, 'Bánh bao thịt', '12000', '20180518', NULL, 'Mua tại FamilyMart', 1, 1, 0, '2018-05-18 01:30:40', '2018-05-18 01:30:40', 1, 12, '10.786,106.692'),
(6, 'Cà phê sữa', '35000', '20180518', NULL, 'Tạm được', 2, 1, 0, '2018-05-18 11:01:40', '2018-05-18 11:01:40', 1, 19, '10.786,106.692'),
(7, 'Cơm chiên', '30000', '20180518', NULL, 'Ngon', 1, 1, 0, '2018-05-18 12:30:40', '2018-05-18 12:30:40', 1, 15, '10.786,106.692'),
(8, 'Bò húc', '15000', '20180518', NULL, 'null', 2, 1, 0, '2018-05-18 12:30:40', '2018-05-18 12:30:40', 1, 1, '10.786,106.692'),
(9, 'Thay ruột xe', '75000', '20180519', NULL, 'Giá chấp nhận được', 8, 1, 0, '2018-05-19 09:06:16', '2018-05-19 09:06:16', 1, 17, '10.786,106.692'),
(10, 'Xăng', '50000', '20180519', NULL, 'null', 6, 1, 0, '2018-05-19 09:06:16', '2018-05-19 09:06:16', 1, 18, '10.786,106.692'),
(11, 'Bò húc', '20000', '20180519', NULL, 'Không gian ổn, hơi ồn ào', 2, 1, 0, '2018-05-19 09:06:16', '2018-05-19 09:06:16', 1, 1, '10.786,106.692'),
(12, 'Vé số', '10000', '20180519', NULL, 'Ủng hộ người tàn tật', 5, 1, 0, '2018-05-19 09:06:16', '2018-05-19 09:06:16', 1, 1, '10.786,106.692'),
(13, 'Thẻ cào', '20000', '20180519', NULL, NULL, 5, 1, 0, '2018-05-19 09:06:16', '2018-05-28 16:44:55', 1, NULL, '10.786,106.692'),
(14, 'Bò húc - Đá chanh', '45000', '20180520', NULL, 'Chỗ quen uống lâu năm', 2, 1, 0, '2018-05-20 09:12:12', '2018-05-20 09:12:12', 1, 1, '10.786,106.692'),
(15, 'Trà sữa', '94000', '20180520', NULL, 'Mắc như chó', 9, 1, 0, '2018-05-20 09:12:12', '2018-05-20 09:12:12', 1, 4, '10.786,106.692'),
(16, 'Siêu thị', '102000', '20180521', NULL, 'null', 4, 1, 0, '2018-05-21 09:16:05', '2018-05-21 09:16:05', 1, 3, '10.786,106.692'),
(17, 'Numer one', '9000', '20180522', NULL, 'null', 1, 1, 0, '2018-05-22 09:16:42', '2018-05-22 09:16:42', 1, 12, '10.786,106.692'),
(18, 'Bò húc', '20000', '20180522', NULL, 'null', 2, 1, 0, '2018-05-22 09:16:42', '2018-05-22 09:16:42', 1, 1, '10.786,106.692'),
(19, 'Bánh bao', '11000', '20180523', NULL, 'null', 1, 1, 0, '2018-05-23 01:10:25', '2018-05-23 01:10:25', 1, 12, '10.786,106.692'),
(20, 'Bánh canh chả cá', '22000', '20180523', NULL, 'Cũng ngon', 1, 1, 0, '2018-05-23 09:17:25', '2018-05-23 09:17:25', 1, 20, '10.786,106.692'),
(21, 'Đá chanh', '14000', '20180523', NULL, 'null', 2, 1, 0, '2018-05-23 09:17:25', '2018-05-23 09:17:25', 1, 20, '10.786,106.692'),
(22, 'Đá me, chanh muối', '30000', '20180524', NULL, 'null', 2, 1, 0, '2018-05-24 09:18:29', '2018-05-24 09:18:29', 1, 16, '10.786,106.692'),
(23, 'Cà phê sữa', '32000', '20180525', NULL, 'Mắc, nóng bỏ mẹ', 2, 1, 0, '2018-05-25 09:19:21', '2018-05-25 09:19:21', 1, 13, '10.786,106.692'),
(24, 'Cơm chiên trứng', '30000', '20180525', NULL, 'Hôm nay hơi dở', 1, 1, 0, '2018-05-25 09:19:21', '2018-05-25 09:19:21', 1, 15, '10.786,106.692'),
(25, 'Bò húc', '20000', '20180525', NULL, 'null', 2, 1, 0, '2018-05-25 09:19:21', '2018-05-25 09:19:21', 1, 1, '10.786,106.692'),
(26, 'Bò húc', '18000', '20180526', NULL, 'null', 2, 1, 0, '2018-05-26 09:20:53', '2018-05-26 09:20:53', 1, 14, '10.786,106.692'),
(27, 'Sting dâu', '17000', '20180526', NULL, 'null', 2, 1, 0, '2018-05-26 09:21:17', '2018-05-26 09:21:17', 1, 7, '10.786,106.692'),
(28, 'Cháo lòng', '15000', '20180526', NULL, 'Tạm được', 1, 1, 0, '2018-05-26 16:57:09', '2018-05-26 16:57:09', 1, 1, '10.786,106.692'),
(29, 'Bò húc', '20000', '20180526', NULL, 'null', 2, 1, 0, '2018-05-26 16:42:03', '2018-05-26 16:42:03', 1, 1, '10.786,106.692'),
(30, 'Bò húc', '25000', '20180527', NULL, 'Mắc nhưng view đẹp', 2, 1, 0, '2018-05-27 08:30:07', '2018-05-27 08:30:07', 1, 10, '10.786,106.692'),
(31, 'Đổ xăng', '50000', '20180527', NULL, 'null', 6, 1, 0, '2018-05-27 08:01:01', '2018-05-27 08:01:01', 1, 6, '10.786,106.692'),
(33, 'Thẻ cào', '49000', '20180528', NULL, 'null', 5, 1, 0, '2018-05-28 15:45:22', '2018-05-28 15:45:22', 1, NULL, '10.786,106.692'),
(34, 'Cà phê sữa', '130000', '20180530', NULL, 'Mắc vl', 2, 1, 0, '2018-05-30 01:32:51', '2018-05-30 01:32:51', 1, 11, '10.786,106.692'),
(35, 'Bò húc', '12000', '20180530', NULL, 'null', 3, 1, 0, '2018-05-30 09:25:47', '2018-05-30 09:25:47', 1, 12, '10.786,106.692'),
(36, 'Bò húc - đá chanh', '45000', '20180531', NULL, 'null', 2, 1, 0, '2018-05-31 15:33:17', '2018-05-31 15:33:17', 1, 1, '10.786,106.692'),
(37, 'Bò húc - đá chanh', '45000', '20180430', NULL, 'null', 2, 1, 0, '2018-04-30 15:33:17', '2018-04-30 15:33:17', 1, NULL, '10.786,106.692'),
(38, 'Bò húc - đá chanh', '45000', '20180429', NULL, 'null', 2, 1, 0, '2018-04-29 15:33:17', '2018-04-29 15:33:17', 1, NULL, '10.786,106.692'),
(39, 'Chi tiêu nửa tháng đầu', '1400000', '20180504', NULL, 'Chi tiêu nửa tháng đầu, ko nhớ chi tiết', 7, 1, 0, '2018-05-03 17:01:01', '2018-05-03 17:01:01', 1, NULL, '10.786,106.692'),
(40, 'Thư giãn thứ 6', '480000', '20180601', NULL, 'null', 3, 1, 0, '2018-06-01 12:45:01', '2018-06-01 12:45:01', 1, 5, '10.786,106.692'),
(41, 'Mì xào bò', '20000', '20180602', NULL, 'null', 1, 1, 0, '2018-06-02 02:45:01', '2018-06-02 02:45:01', 1, NULL, '10.786,106.692'),
(42, 'Bò húc', '40000', '20180603', NULL, 'null', 2, 1, 0, '2018-06-03 02:30:01', '2018-06-03 02:30:01', 1, 2, '10.786,106.692'),
(43, 'Bò húc', '22000', '20180603', NULL, 'null', 2, 1, 0, '2018-06-03 08:30:01', '2018-06-03 08:30:01', 1, 33, '10.786,106.692'),
(44, 'Bạc sỉu đá', '17000', '20180602', NULL, 'null', 2, 1, 0, '2018-06-02 03:07:45', '2018-06-02 03:07:45', 1, 20, '10.786,106.692'),
(45, 'Bánh bao', '18000', '20180604', NULL, 'null', 1, 1, 0, '2018-06-04 04:32:18', '2018-06-04 04:32:18', 1, 34, '10.786,106.692'),
(46, 'Họp mặt công ty cũ', '140000', '20180605', NULL, 'null', 1, 1, 0, '2018-06-05 18:19:46', '2018-06-05 18:19:46', 1, 38, '10.786,106.692'),
(47, 'Trà đào - Mocha', '67000', '20180606', NULL, 'null', 2, 1, 0, '2018-06-06 20:35:08', '2018-06-06 20:35:08', 1, 39, '10.786,106.692'),
(48, 'Bánh mì xíu mại', '20000', '20180607', NULL, 'null', 1, 1, 0, '2018-06-07 08:02:39', '2018-06-07 08:02:39', 1, 40, '10.786,106.692'),
(49, 'Bò húc - mì xào trứng', '40000', '20180607', NULL, 'null', 2, 1, 0, '2018-06-07 18:03:01', '2018-06-07 18:03:01', 1, 2, '10.786,106.692'),
(50, 'Thư giãn cuối tuần', '500000', '20180608', NULL, 'null', 3, 1, 0, '2018-06-08 19:30:08', '2018-06-08 19:30:08', 1, 5, '10.786,106.692'),
(51, 'Cà phê sữa', '25000', '20180608', NULL, 'null', 2, 1, 0, '2018-06-08 16:30:58', '2018-06-08 16:30:58', 1, 41, '10.786,106.692'),
(52, 'Bò húc', '20000', '20180608', NULL, 'null', 2, 1, 0, '2018-06-08 18:29:24', '2018-06-08 18:29:24', 1, 1, '10.786,106.692'),
(53, 'Cơm chiên bò bằm', '30000', '20180608', NULL, 'null', 1, 1, 0, '2018-06-08 18:30:57', '2018-06-08 18:30:57', 1, 42, '10.786,106.692'),
(54, 'Chanh muối - bò húc', '45000', '20180609', NULL, 'null', 2, 1, 0, '2018-06-09 20:31:32', '2018-06-09 20:31:32', 1, 2, '10.786,106.692'),
(55, 'Thẻ cào', '50000', '20180610', NULL, 'null', 5, 1, 0, '2018-06-10 10:39:30', '2018-06-10 10:39:30', 1, 43, '10.786,106.692'),
(56, '2 Lon bò húc', '26000', '20180610', NULL, 'null', 2, 1, 0, '2018-06-10 10:04:39', '2018-06-10 10:04:39', 1, 43, '10.786,106.692'),
(57, 'Đổ xăng', '50000', '20180610', NULL, 'null', 6, 1, 0, '2018-06-10 10:36:35', '2018-06-10 10:36:35', 1, 44, '10.786,106.692'),
(58, 'Bò húc', '12000', '20180611', NULL, 'null', 1, 1, 0, '2018-06-11 15:58:12', '2018-06-11 15:58:12', 1, 12, '10.786,106.692'),
(59, 'Bánh bao', '12000', '20180612', NULL, 'null', 1, 1, 0, '2018-06-12 08:30:36', '2018-06-12 08:30:36', 1, 12, '10.786,106.692'),
(60, 'Cháo lòng', '22000', '20180612', NULL, 'null', 1, 1, 0, '2018-06-12 18:09:53', '2018-06-12 18:09:53', 1, 45, '10.786,106.692'),
(61, 'Bò húc', '20000', '20180612', NULL, 'null', 2, 1, 0, '2018-06-12 18:23:12', '2018-06-12 18:23:12', 1, 2, '10.786,106.692'),
(63, 'Xúc xích', '10000', '20180613', NULL, 'null', 1, 1, 0, '2018-06-13 16:01:18', '2018-06-13 16:01:18', 1, 12, '10.786,106.692'),
(64, 'Ốc', '102000', '20180613', NULL, 'null', 1, 1, 0, '2018-06-13 20:01:37', '2018-06-13 20:01:37', 1, 46, '10.786,106.692'),
(66, 'Ăn vặt', '19000', '20180614', NULL, 'null', 1, 1, 0, '2018-06-14 18:03:47', '2018-06-15 08:55:26', 1, 12, '10.786,106.692'),
(67, 'Coffee tối', '44000', '20180614', NULL, 'null', 2, 1, 0, '2018-06-14 19:50:24', '2018-06-14 19:50:24', 1, 33, '10.786,106.692'),
(68, 'Bánh mì thịt', '20000', '20180615', NULL, 'null', 1, 1, 0, '2018-06-15 08:01:07', '2018-06-15 08:01:07', 1, 40, '10.786,106.692'),
(69, 'Ăn vặt', '10000', '20180615', NULL, 'null', 1, 1, 0, '2018-06-15 19:09:30', '2018-06-15 19:09:30', 1, 12, '10.786,106.692'),
(70, 'Cơm sườn', '25000', '20180615', NULL, 'null', 1, 1, 0, '2018-06-15 19:10:44', '2018-06-15 19:10:44', 1, 1, '10.786,106.692'),
(71, 'Bò húc', '20000', '20180615', NULL, 'null', 2, 1, 0, '2018-06-15 19:10:59', '2018-06-15 19:10:59', 1, 1, '10.786,106.692'),
(72, 'Siêu thị', '436000', '20180615', NULL, 'null', 4, 1, 0, '2018-06-15 21:52:08', '2018-06-15 21:52:08', 1, 9, '10.786,106.692'),
(73, 'Bò húc', '18000', '20180616', NULL, 'null', 2, 1, 0, '2018-06-18 09:07:51', '2018-06-18 09:07:51', 1, 10, '10.786,106.692'),
(74, 'Bò húc', '20000', '20180616', NULL, 'null', 2, 1, 0, '2018-06-18 09:08:11', '2018-06-18 09:08:11', 1, 1, '10.786,106.692'),
(76, 'Đổ xăng', '20000', '20180616', NULL, 'null', 6, 1, 0, '2018-06-18 09:09:07', '2018-06-18 09:09:07', 1, 18, '10.786,106.692'),
(77, 'Bò húc', '20000', '20180617', NULL, 'null', 2, 1, 0, '2018-06-18 09:09:45', '2018-06-18 09:09:45', 1, 2, '10.786,106.692'),
(78, 'Nem nướng - cafe', '100000', '20180617', NULL, 'null', 1, 1, 0, '2018-06-18 09:10:19', '2018-06-18 09:10:19', 1, 1, '10.786,106.692'),
(79, 'Bánh bao', '12000', '20180618', NULL, 'null', 1, 1, 0, '2018-06-18 09:10:58', '2018-06-18 09:10:58', 1, 12, '10.786,106.692'),
(81, 'Bánh sandwid', '21000', '20180620', NULL, 'null', 1, 1, 0, '2018-06-20 16:05:16', '2018-06-20 16:05:16', 1, 12, '10.786,106.692'),
(82, 'Đổ xăng', '50000', '20180621', NULL, 'null', 6, 1, 0, '2018-06-23 01:03:39', '2018-06-23 01:03:39', 1, 18, '10.786,106.692'),
(83, 'Thẻ cào + hủ tíu gõ + xôi', '50000', '20180621', NULL, 'null', 1, 1, 0, '2018-06-23 01:04:20', '2018-06-23 01:04:20', 1, 32, '10.786,106.692'),
(84, 'Mì xào + bò húc', '40000', '20180621', NULL, 'null', 1, 1, 0, '2018-06-23 01:04:52', '2018-06-23 01:04:52', 1, 2, '10.786,106.692'),
(85, 'Ăn vặt', '10000', '20180621', NULL, 'null', 1, 1, 0, '2018-06-23 01:06:08', '2018-06-23 01:06:08', 1, 12, '10.786,106.692'),
(86, 'Bánh mì', '20000', '20180622', NULL, 'null', 1, 1, 0, '2018-06-23 01:06:28', '2018-06-23 01:06:28', 1, 40, '10.786,106.692'),
(87, 'Cafe trưa', '18000', '20180622', NULL, 'null', 2, 1, 0, '2018-06-23 01:06:53', '2018-06-23 01:06:53', 1, 12, '10.786,106.692'),
(88, 'Cơm sườn + bò húc', '45000', '20180622', NULL, 'null', 1, 1, 0, '2018-06-23 01:07:24', '2018-06-23 01:07:24', 1, 1, '10.786,106.692'),
(89, 'Bò húc', '18000', '20180623', NULL, 'null', 2, 1, 0, '2018-06-24 09:46:02', '2018-06-24 09:46:02', 1, 14, '10.786,106.692'),
(90, 'Thẻ cào dùm Tô', '100000', '20180623', NULL, 'null', 5, 1, 0, '2018-06-24 09:46:47', '2018-06-24 09:46:47', 1, 32, '10.786,106.692'),
(91, 'Bò húc', '25000', '20180624', NULL, 'null', 2, 1, 0, '2018-06-25 16:47:20', '2018-06-25 16:47:20', 1, 10, '10.786,106.692'),
(92, 'Thẻ cào', '50000', '20180624', NULL, 'null', 5, 1, 0, '2018-06-25 16:47:45', '2018-06-25 16:47:45', 1, 32, '10.786,106.692'),
(93, 'Xúc xích', '14000', '20180625', NULL, 'null', 1, 1, 0, '2018-06-25 16:48:12', '2018-06-25 16:48:12', 1, 12, '10.786,106.692'),
(94, 'Bánh bao xá xíu', '15000', '20180626', NULL, 'null', 1, 1, 0, '2018-06-26 15:07:35', '2018-06-26 15:07:35', 1, 12, '10.786,106.692'),
(95, 'Đổ xăng', '50000', '20180627', NULL, 'null', 6, 1, 0, '2018-06-27 08:26:55', '2018-06-27 08:26:55', 1, 47, '10.786,106.692'),
(96, 'Bánh mì', '20000', '20180629', NULL, 'null', 1, 1, 0, '2018-06-29 08:10:39', '2018-06-29 08:10:39', 1, 40, '10.786,106.692'),
(97, 'Cà phê trưa', '18000', '20180629', NULL, 'null', 2, 1, 0, '2018-06-29 12:27:34', '2018-06-29 12:27:34', 1, 47, '10.786,106.692'),
(98, 'Bò húc', '18000', '20180630', NULL, 'null', 2, 1, 0, '2018-06-30 09:10:42', '2018-06-30 09:10:42', 1, 14, '10.786,106.692'),
(99, 'Sting dâu', '20000', '20180630', NULL, 'null', 2, 1, 0, '2018-06-30 15:29:18', '2018-06-30 15:29:18', 1, 1, '10.786,106.692'),
(100, 'Phở Tàu Bay', '190000', '20180701', NULL, 'null', 1, 1, 0, '2018-07-01 07:15:56', '2018-07-01 07:15:56', 1, 48, '10.786,106.692'),
(101, 'Ăn vặt', '10000', '20180702', NULL, 'null', 1, 1, 0, '2018-07-02 16:03:22', '2018-07-02 16:03:22', 1, 12, '10.786,106.692'),
(102, 'Bún cá thố', '74000', '20180703', NULL, 'null', 1, 1, 0, '2018-07-03 19:33:20', '2018-07-03 19:33:20', 1, 49, '10.786,106.692'),
(103, 'Bánh mì', '20000', '20180706', NULL, 'null', 1, 1, 0, '2018-07-06 19:00:46', '2018-07-06 19:00:46', 1, 40, '10.786,106.692'),
(105, 'Xôi gà', '20000', '20180706', NULL, 'null', 1, 1, 0, '2018-07-06 19:01:28', '2018-07-06 19:01:28', 1, 2, '10.786,106.692'),
(106, 'Bò húc', '20000', '20180706', NULL, 'null', 2, 1, 0, '2018-07-06 19:01:36', '2018-07-06 19:01:36', 1, 2, '10.786,106.692'),
(108, 'Quỹ cty', '50000', '20180705', NULL, 'null', 7, 1, 0, '2018-07-06 19:02:28', '2018-07-06 19:02:28', 1, 0, '10.786,106.692'),
(109, 'Bò húc', '20000', '20180707', NULL, 'null', 1, 1, 0, '2018-07-08 09:34:59', '2018-07-08 09:34:59', 1, 1, '10.786,106.692'),
(110, 'Cháo lòng', '20000', '20180707', NULL, 'null', 1, 1, 0, '2018-07-08 09:35:25', '2018-07-08 09:35:25', 1, 8, '10.786,106.692'),
(111, 'Đá chanh', '14000', '20180707', NULL, 'null', 2, 1, 0, '2018-07-08 09:35:49', '2018-07-08 09:35:49', 1, 8, '10.786,106.692'),
(112, 'Đi chợ', '80000', '20180708', NULL, 'null', 4, 1, 0, '2018-07-08 09:36:47', '2018-07-08 09:36:47', 1, 32, '10.786,106.692'),
(113, 'Đổ xăng', '50000', '20180703', NULL, 'null', 6, 1, 0, '2018-07-08 09:37:58', '2018-07-08 09:37:58', 1, 47, '10.786,106.692'),
(114, 'Nhậu nhẹt', '160000', '20180709', NULL, 'null', 1, 1, 0, '2018-07-09 21:49:19', '2018-07-09 21:49:19', 1, 32, '10.786,106.692'),
(115, 'Xôi mặn', '10000', '20180711', NULL, 'null', 1, 1, 0, '2018-07-11 07:02:24', '2018-07-11 07:02:24', 1, 50, '10.786,106.692'),
(116, 'Ăn vặt', '11500', '20180711', NULL, 'null', 1, 1, 0, '2018-07-11 16:07:58', '2018-07-11 16:07:58', 1, 12, '10.786,106.692'),
(117, 'Xôi mặn', '10000', '20180712', NULL, 'null', 1, 1, 0, '2018-07-12 08:01:32', '2018-07-12 08:01:32', 1, 50, '10.786,106.692'),
(118, 'Xôi mặn', '10000', '20180713', NULL, 'null', 1, 1, 0, '2018-07-13 08:02:35', '2018-07-13 08:02:35', 1, 50, '10.786,106.692'),
(119, 'Ăn sáng + bò húc', '68000', '20180714', NULL, 'null', 2, 1, 0, '2018-07-14 09:01:14', '2018-07-14 09:01:14', 1, 14, '10.786,106.692'),
(120, 'Thư giãn cuối tuần', '490000', '20180714', NULL, 'null', 3, 1, 0, '2018-07-14 17:55:02', '2018-07-14 17:55:02', 1, 5, '10.786,106.692'),
(121, 'Phở bò', '54000', '20180715', NULL, 'null', 1, 1, 0, '2018-07-15 10:55:39', '2018-07-15 10:55:39', 1, 50, '10.786,106.692'),
(122, 'Cà phê đá', '18000', '20180715', NULL, 'null', 2, 1, 0, '2018-07-15 18:56:38', '2018-07-15 18:56:38', 1, 10, '10.786,106.692'),
(123, 'Bánh bao', '12000', '20180716', NULL, 'null', 1, 1, 0, '2018-07-16 08:57:17', '2018-07-16 08:57:17', 1, 12, '10.786,106.692'),
(124, 'Ăn vặt', '14000', '20180716', NULL, 'null', 1, 1, 0, '2018-07-16 16:37:29', '2018-07-16 16:37:29', 1, 12, '10.786,106.692'),
(125, 'Xôi mặn', '10000', '20180717', NULL, 'null', 1, 1, 0, '2018-07-17 08:04:30', '2018-07-17 08:04:30', 1, 50, '10.786,106.692'),
(126, 'Ăn vặt', '15500', '20180717', NULL, 'null', 1, 1, 0, '2018-07-17 16:17:17', '2018-07-17 16:17:17', 1, 12, '10.786,106.692'),
(127, 'Siêu thị', '100000', '20180718', NULL, 'null', 4, 1, 0, '2018-07-18 16:32:49', '2018-07-18 16:32:49', 1, 34, '10.786,106.692'),
(128, 'Ăn vặt', '10000', '20180718', NULL, 'null', 1, 1, 0, '2018-07-18 16:33:12', '2018-07-18 16:33:12', 1, 12, '10.786,106.692'),
(129, 'Bò húc mì xào', '35000', '20180719', NULL, 'null', 1, 1, 0, '2018-07-20 19:07:35', '2018-07-20 19:07:35', 1, 2, '10.786,106.692'),
(130, 'Đổ xăng', '50000', '20180720', NULL, 'null', 6, 1, 0, '2018-07-20 19:08:44', '2018-07-20 19:08:44', 1, 18, '10.786,106.692'),
(131, 'Xôi mặn', '10000', '20180720', NULL, 'null', 1, 1, 0, '2018-07-20 19:08:57', '2018-07-20 19:08:57', 1, 50, '10.786,106.692'),
(132, 'Cơm tấm', '25000', '20180720', NULL, 'null', 1, 1, 0, '2018-07-20 19:09:31', '2018-07-20 19:09:31', 1, 41, '10.786,106.692'),
(133, 'Cfe sữa', '15000', '20180720', NULL, 'null', 1, 1, 0, '2018-07-22 09:41:02', '2018-07-22 09:41:02', 1, 8, '10.786,106.692'),
(134, 'Bò húc', '18000', '20180721', NULL, 'null', 1, 1, 0, '2018-07-22 09:41:30', '2018-07-22 09:41:30', 1, 10, '10.786,106.692'),
(135, 'Cơm chiên', '18000', '20180721', NULL, 'null', 1, 1, 0, '2018-07-22 09:41:45', '2018-07-22 09:41:45', 1, 43, '10.786,106.692'),
(136, 'Bò húc', '17000', '20180721', NULL, 'null', 1, 1, 0, '2018-07-22 09:41:58', '2018-07-22 09:41:58', 1, 48, '10.786,106.692'),
(137, 'Bánh bao', '15000', '20180726', NULL, 'null', 1, 1, 0, '2018-07-26 08:53:59', '2018-07-26 08:53:59', 1, 12, '10.786,106.692'),
(138, 'Bò húc', '22000', '20180725', NULL, 'null', 2, 1, 0, '2018-07-25 20:52:43', '2018-07-25 20:52:43', 1, 33, '10.786,106.692'),
(139, 'Xôi mặn', '15000', '20180724', NULL, 'null', 1, 1, 0, '2018-07-24 08:53:46', '2018-07-24 08:53:46', 1, 50, '10.786,106.692'),
(140, 'Ăn vặt', '14500', '20180726', NULL, 'null', 1, 1, 0, '2018-07-26 16:53:32', '2018-07-26 16:53:32', 1, 12, '10.786,106.692'),
(141, 'Mua vợt cầu lông', '1120000', '20180726', NULL, 'null', 4, 1, 0, '2018-07-26 19:56:46', '2018-07-26 19:56:46', 1, 51, '10.786,106.692'),
(142, 'Bánh mì xíu mại', '20000', '20180727', NULL, 'null', 1, 1, 0, '2018-07-27 01:56:05', '2018-07-27 01:56:05', 1, 40, '10.786,106.692'),
(143, 'Test', '10000', '20180101', NULL, 'null', 1, 1, 0, '2018-01-01 03:09:02', '2018-01-01 03:09:02', 1, 51, '10.786,106.692'),
(144, 'Test 2', '20000', '20180102', NULL, 'null', 1, 1, 0, '2018-01-02 03:09:48', '2018-01-02 03:09:48', 1, 51, '10.786,106.692'),
(145, 'Test 3', '100000', '20180203', NULL, 'null', 1, 1, 0, '2018-02-03 03:10:26', '2018-02-03 03:10:26', 1, 51, '10.786,106.692'),
(146, 'Test 4', '200000', '20180201', NULL, 'null', 1, 1, 0, '2018-02-01 03:10:43', '2018-02-01 03:10:43', 1, 51, '10.786,106.692'),
(151, 'Cà phê sữa', '15000', '20180727', NULL, 'null', 1, 1, 0, '2018-07-27 14:30:03', '2018-07-27 14:30:03', 1, 7, '10.786,106.692'),
(152, 'Cccccc', '60000', '20180727', NULL, 'null', 4, 1, 0, '2018-07-27 15:28:17', '2018-07-27 15:28:17', 1, 8, '10.786,106.692'),
(159, 'Bò húc', '18000', '20180728', NULL, NULL, 2, 1, 0, '2018-07-28 09:22:56', '2018-08-01 10:23:38', 1, 14, '10.786,106.692'),
(160, 'Bê thui', '100000', '20180728', NULL, NULL, 1, 1, 0, '2018-07-28 11:28:08', '2018-08-01 10:28:41', 1, 14, '10.786,106.692'),
(161, 'Sting dâu', '20000', '20180728', NULL, NULL, 2, 1, 0, '2018-07-28 15:31:59', '2018-08-01 10:32:38', 1, 1, '10.786,106.692'),
(162, 'Đổ xăng', '50000', '20180728', NULL, NULL, 6, 1, 0, '2018-07-28 19:32:39', '2018-08-01 10:33:31', 1, 18, '10.786,106.692'),
(163, 'Trà tắc', '30000', '20180728', NULL, NULL, 2, 1, 0, '2018-07-28 00:00:00', '2018-08-01 10:59:04', 1, 101275, '10.786,106.692'),
(164, 'Hủ tíu gọ', '30000', '20180728', NULL, NULL, 1, 1, 0, '2018-07-28 00:00:00', '2018-08-01 11:06:29', 1, 32, '10.786,106.692'),
(165, 'Bạc sỉu', '29000', '20180729', NULL, NULL, 1, 1, 0, '2018-07-29 00:00:00', '2018-08-01 11:26:27', 1, 128707, '10.786,106.692'),
(166, 'Bò húc', '40000', '20180729', NULL, NULL, 2, 1, 0, '2018-07-29 00:00:00', '2018-08-01 11:29:34', 1, 2, '10.786,106.692'),
(167, 'Ăn vặt', '9000', '20180730', NULL, NULL, 1, 1, 0, '2018-07-30 00:00:00', '2018-08-01 11:31:54', 1, 12, '10.786,106.692'),
(168, 'Bò húc', '25000', '20180730', NULL, NULL, 2, 1, 0, '2018-07-30 00:00:00', '2018-08-01 11:40:58', 1, 52, '10.786,106.692'),
(169, 'Ăn vặt', '14000', '20180731', NULL, NULL, 1, 1, 0, '2018-07-31 16:25:12', '2018-08-01 11:48:01', 1, 12, '10.786,106.692'),
(170, 'Coffe đá', '20000', '20180731', NULL, NULL, 2, 1, 0, '2018-07-31 16:30:11', '2018-08-01 11:48:45', 1, 52, '10.786,106.692'),
(172, 'Sting dâu', '11000', '20180801', NULL, NULL, 1, 1, 0, '2018-08-01 16:34:38', '2018-08-01 16:35:06', 1, 12, '10.786,106.692'),
(171, 'Bún bò huế', '20000', '20180801', NULL, 'null', 1, 1, 0, '2018-08-01 08:30:55', '2018-08-02 15:18:44', 1, 87922, '10.786,106.692'),
(177, 'Test 1', '15000', '20180801', NULL, NULL, 8, 1, 1, '2018-08-01 00:00:00', '2018-08-02 15:56:46', 1, 70197, '10.786,106.692'),
(178, 'Test 2', '50000', '20180801', NULL, NULL, 2, 1, 1, '2018-08-01 00:00:00', '2018-08-02 16:12:11', 1, 50, '10.786,106.692'),
(179, 'Bò húc', '25000', '20180802', NULL, NULL, 1, 1, 0, '2018-08-02 16:38:53', '2018-08-02 16:39:29', 1, 52, '10.786,106.692'),
(180, 'Bún bò', '20000', '20180803', NULL, NULL, 1, 1, 0, '2018-08-03 08:35:39', '2018-08-03 08:35:39', 1, 87922, '10.786,106.692'),
(181, 'Ăn vặt', '35000', '20180803', NULL, NULL, 1, 1, 0, '2018-08-03 15:50:37', '2018-08-03 15:51:08', 1, 87922, '10.786,106.692'),
(185, 'Bò húc', '18000', '20180804', NULL, NULL, 2, 1, 0, '2018-08-04 09:00:00', '2018-08-06 15:16:05', 1, 20, '10.786,106.692'),
(186, 'Cơm sườn', '20000', '20180803', NULL, NULL, 1, 1, 0, '2018-08-03 18:00:00', '2018-08-06 15:22:34', 1, 2, '10.786,106.692'),
(187, 'Bò húc', '20000', '20180803', NULL, NULL, 2, 1, 0, '2018-08-03 18:00:00', '2018-08-06 15:22:57', 1, 2, '10.786,106.692'),
(188, 'Thẻ cào', '50000', '20180804', NULL, NULL, 5, 1, 0, '2018-08-04 12:24:09', '2018-08-06 15:24:42', 1, 32, '10.786,106.692'),
(189, 'Thư giãn', '550000', '20180804', NULL, NULL, 3, 1, 0, '2018-08-04 15:26:12', '2018-08-06 15:26:56', 1, 5, '10.786,106.692'),
(190, 'Tiền mừng cưới', '300000', '20180804', NULL, NULL, 70209, 1, 0, '2018-08-04 15:38:21', '2018-08-06 15:39:10', 1, 1, '10.786,106.692'),
(191, 'Bánh canh chả cá', '131000', '20180804', NULL, NULL, 1, 1, 0, '2018-08-04 20:46:29', '2018-08-06 15:47:33', 1, 100441, '10.786,106.692'),
(192, 'Cơm sườn', '25000', '20180805', NULL, NULL, 1, 1, 0, '2018-08-05 09:00:00', '2018-08-06 15:49:06', 1, 50, '10.786,106.692'),
(193, 'Ăn vặt', '15000', '20180806', NULL, NULL, 1, 1, 0, '2018-08-06 16:05:50', '2018-08-06 16:06:15', 1, 12, '10.786,106.692'),
(85367, 'Lipton đá', '22000', '20180805', NULL, NULL, 2, 1, 0, '2018-08-05 12:00:00', '2018-08-06 17:02:24', 1, 33, '10.786,106.692'),
(113149, 'Mua sách', '200000', '20180806', NULL, NULL, 69258, 1, 0, '2018-08-06 20:00:00', '2018-08-06 22:55:02', 1, 119890, '10.786,106.692'),
(105122, 'Bạc sỉu', '28000', '20180807', NULL, NULL, 2, 1, 0, '2018-08-07 16:20:06', '2018-08-07 16:20:30', 1, 52, '10.786,106.692'),
(129989, 'Đổ xăng', '50000', '20180807', NULL, NULL, 6, 1, 0, '2018-08-07 16:46:09', '2018-08-07 16:48:56', 1, 18, '10.786,106.692'),
(75644, 'Bún bò', '20000', '20180808', NULL, NULL, 1, 1, 0, '2018-08-08 08:30:19', '2018-08-08 11:40:31', 1, 87922, '10.786,106.692'),
(85142, 'Cà phê đá', '16000', '20180808', NULL, NULL, 2, 1, 0, '2018-08-08 16:38:30', '2018-08-08 16:41:19', 1, 80322, '10.786,106.692'),
(67605, 'Ăn  vât', '14500', '20180809', NULL, NULL, 1, 1, 0, '2018-08-09 15:30:00', '2018-08-09 23:01:44', 1, 12, '10.786,106.692'),
(71606, 'Cafe đá', '16000', '20180809', NULL, NULL, 1, 1, 0, '2018-08-09 08:45:00', '2018-08-09 23:01:07', 1, 80322, '10.786,106.692'),
(81671, 'Cơm chiên', '30000', '20180810', NULL, NULL, 1, 1, 0, '2018-08-10 18:00:00', '2018-08-11 11:03:27', 1, 2, '10.786,106.692'),
(93784, 'Bò húc', '20000', '20180811', NULL, NULL, 1, 1, 0, '2018-08-11 19:10:46', '2018-08-11 19:11:18', 1, 8, '10.786,106.692'),
(96803, 'Ăn sáng', '36000', '20180810', NULL, NULL, 1, 1, 0, '2018-08-10 08:30:00', '2018-08-11 11:06:17', 1, 87922, '10.786,106.692'),
(106651, 'Bún bò', '20000', '20180809', NULL, NULL, 1, 1, 0, '2018-08-09 08:30:00', '2018-08-09 23:00:33', 1, 87922, '10.786,106.692'),
(121300, 'Cháo lòng', '20000', '20180811', NULL, NULL, 1, 1, 0, '2018-08-11 19:09:54', '2018-08-11 19:10:45', 1, 76324, '10.786,106.692'),
(123552, 'Bò húc', '20000', '20180810', NULL, NULL, 2, 1, 0, '2018-08-10 18:00:00', '2018-08-11 11:03:46', 1, 2, '10.786,106.692'),
(96673, 'Cắt tóc', '35000', '20180812', NULL, NULL, 93283, 1, 0, '2018-08-12 11:24:50', '2018-08-12 11:25:59', 1, 82135, '10.786,106.692'),
(99897, 'Ăn đồ nướng', '276000', '20180811', NULL, NULL, 1, 1, 0, '2018-08-11 20:23:37', '2018-08-12 11:24:49', 1, 117739, '10.786,106.692'),
(87636, 'Bò húc', '25000', '20180812', NULL, NULL, 2, 1, 0, '2018-08-12 16:00:00', '2018-08-14 16:49:15', 1, 10, '10.786,106.692'),
(89311, 'Coffee sữa', '35000', '20180813', NULL, NULL, 2, 1, 0, '2018-08-13 09:34:15', '2018-08-13 09:34:49', 1, 80322, '10.786,106.692'),
(96449, 'Cafe sữa', '18000', '20180814', NULL, NULL, 2, 1, 0, '2018-08-14 16:30:00', '2018-08-14 16:52:46', 1, 80322, '10.786,106.692'),
(99283, 'Nhậu nhẹt', '160000', '20180813', NULL, NULL, 1, 1, 0, '2018-08-13 18:00:00', '2018-08-14 16:51:22', 1, 38, '10.786,106.692'),
(100361, 'Bò húc', '20000', '20180813', NULL, NULL, 2, 1, 0, '2018-08-13 11:00:00', '2018-08-14 16:50:35', 1, 8, '10.786,106.692'),
(123276, 'Bánh mì vú heo', '20000', '20180812', NULL, NULL, 1, 1, 0, '2018-08-12 16:00:00', '2018-08-14 16:49:41', 1, 10, '10.786,106.692'),
(125473, 'Bún bò', '20000', '20180814', NULL, NULL, 1, 1, 0, '2018-08-14 08:00:00', '2018-08-14 16:52:13', 1, 87922, '10.786,106.692'),
(129367, 'Cơm sườn', '22000', '20180813', NULL, NULL, 1, 1, 0, '2018-08-13 09:33:35', '2018-08-13 09:34:14', 1, 50, '10.786,106.692'),
(98698, 'Xúc xích', '10000', '20180815', NULL, NULL, 1, 1, 0, '2018-08-15 16:00:00', '2018-08-15 21:15:40', 1, 80322, '10.786,106.692'),
(101531, 'Xí muội', '18000', '20180815', NULL, NULL, 2, 1, 0, '2018-08-15 16:00:00', '2018-08-15 21:15:14', 1, 80322, '10.786,106.692'),
(114866, 'Đổ xăng', '50000', '20180814', NULL, NULL, 6, 1, 0, '2018-08-14 17:30:00', '2018-08-15 21:14:23', 1, 6, '10.786,106.692'),
(119048, 'Thẻ cào', '40000', '20180815', NULL, NULL, 5, 1, 0, '2018-08-15 19:00:00', '2018-08-15 21:16:12', 1, 80322, '10.786,106.692'),
(68985, 'Xí muội', '18000', '20180821', NULL, NULL, 2, 1, 0, '2018-08-21 09:00:00', '2018-08-21 09:19:01', 1, 80322, '10.786,106.692'),
(71918, 'The coffee house', '80000', '20180827', NULL, NULL, 2, 1, 0, '2018-08-27 00:00:00', '2018-08-28 18:05:34', 1, 128707, '10.786,106.692'),
(72590, 'Ăn sáng ăn vặt', '30000', '20180828', NULL, NULL, 1, 1, 0, '2018-08-28 16:00:00', '2018-08-28 18:03:48', 1, 80322, '10.786,106.692'),
(77792, 'Xí muội', '18000', '20180817', NULL, NULL, 1, 1, 0, '2018-08-17 19:20:57', '2018-08-17 19:24:32', 1, 87922, '10.786,106.692'),
(79847, 'Coi đá banh', '35000', '20180827', NULL, NULL, 2, 1, 0, '2018-08-27 00:00:00', '2018-08-28 18:07:36', 1, 52, '10.786,106.692'),
(82685, 'Bún bò', '20000', '20180817', NULL, NULL, 1, 1, 0, '2018-08-17 08:00:00', '2018-08-17 19:21:45', 1, 80322, '10.786,106.692'),
(89318, 'Bò húc', '20000', '20180817', NULL, NULL, 1, 1, 0, '2018-08-17 18:20:00', '2018-08-17 19:22:56', 1, 2, '10.786,106.692'),
(89330, 'Thẻ cào', '50000', '20180816', NULL, NULL, 1, 1, 0, '2018-08-16 08:00:00', '2018-08-17 19:25:24', 1, 87922, '10.786,106.692'),
(92749, 'Đổ xăng', '50000', '20180827', NULL, NULL, 6, 1, 0, '2018-08-27 00:00:00', '2018-08-28 18:04:47', 1, 6, '10.786,106.692'),
(102730, 'Bánh mì chả lụa', '15000', '20180827', NULL, NULL, 1, 1, 0, '2018-08-27 00:00:00', '2018-08-28 18:07:06', 1, 92495, '10.786,106.692'),
(105762, 'Xí muội', '18000', '20180817', NULL, NULL, 1, 1, 0, '2018-08-17 00:00:00', '2018-08-17 19:22:03', 1, 80322, '10.786,106.692'),
(109776, 'Ăn vặt', '15000', '20180820', NULL, NULL, 1, 1, 0, '2018-08-20 16:00:00', '2018-08-21 09:17:27', 1, 12, '10.786,106.692'),
(116885, 'Bò húc', '32000', '20180818', NULL, NULL, 2, 1, 0, '2018-08-18 00:00:00', '2018-08-19 09:18:12', 1, 14, '10.786,106.692'),
(117510, 'Đổ xăng', '50000', '20180820', NULL, NULL, 6, 1, 0, '2018-08-20 18:00:00', '2018-08-21 09:18:08', 1, 47, '10.786,106.692'),
(119516, 'Bún chả cá', '153000', '20180818', NULL, NULL, 1, 1, 0, '2018-08-18 20:30:00', '2018-08-19 09:21:13', 1, 121772, '10.786,106.692'),
(119819, 'Cơm bò', '30000', '20180817', NULL, NULL, 1, 1, 0, '2018-08-17 18:00:00', '2018-08-17 19:22:24', 1, 80322, '10.786,106.692'),
(122760, 'Hủ tíu xào', '18000', '20180818', NULL, NULL, 1, 1, 0, '2018-08-18 16:00:00', '2018-08-19 09:19:08', 1, 14, '10.786,106.692'),
(122966, 'Bánh mì', '15000', '20180816', NULL, NULL, 1, 1, 0, '2018-08-16 08:00:00', '2018-08-17 19:23:40', 1, 87922, '10.786,106.692'),
(130903, 'Thư giãn', '390000', '20180817', NULL, NULL, 3, 1, 0, '2018-08-17 20:00:00', '2018-08-18 00:23:59', 1, 109820, '10.786,106.692'),
(65576, 'Đổ xăng', '50000', '20180903', NULL, NULL, 6, 1, 0, '2018-09-03 16:00:00', '2018-09-03 17:18:43', 1, 6, '10.786,106.692'),
(75181, 'Mì xào', '23000', '20180903', NULL, NULL, 1, 1, 0, '2018-09-03 17:00:00', '2018-09-03 17:19:32', 1, 50, '10.786,106.692'),
(101071, 'Ăn tối', '162000', '20180902', NULL, NULL, 1, 1, 0, '2018-09-02 19:00:00', '2018-09-03 08:19:55', 1, 97899, '10.786,106.692'),
(104909, 'Ăn sáng', '33000', '20180901', NULL, NULL, 1, 1, 0, '2018-09-01 09:21:28', '2018-09-02 11:22:15', 1, 10, '10.786,106.692'),
(105699, 'Bò húc', '20000', '20180903', NULL, NULL, 2, 1, 0, '2018-09-03 10:07:23', '2018-09-03 10:07:57', 1, 8, '10.786,106.692'),
(109298, 'Ăn sáng', '75000', '20180902', NULL, NULL, 1, 1, 0, '2018-09-02 08:22:17', '2018-09-02 11:22:59', 1, 80022, '10.786,106.692'),
(73884, 'Bánh mì', '12000', '20180904', NULL, NULL, 1, 1, 0, '2018-09-04 08:45:28', '2018-09-04 09:46:06', 1, 87922, '10.786,106.692'),
(77613, 'Ăn vặt', '4500', '20180904', NULL, NULL, 1, 1, 0, '2018-09-04 16:33:00', '2018-09-04 16:33:35', 1, 12, '10.786,106.692'),
(99474, 'Ô long', '15000', '20180903', NULL, NULL, 2, 1, 0, '2018-09-03 16:44:44', '2018-09-04 09:45:22', 1, 52, '10.786,106.692'),
(130904, 'Bún bò', '20000', '20180905', NULL, NULL, 1, 1, 0, '2018-09-05 08:39:37', '2018-09-05 08:39:37', 1, 87922, '10.786,106.692'),
(130905, 'Cà phê đá', '16000', '20180905', NULL, NULL, 2, 1, 0, '2018-09-05 08:39:55', '2018-09-05 08:39:55', 1, 80322, '10.786,106.692'),
(78543, 'Cam vắt', '40000', '20180905', NULL, NULL, 1, 1, 0, '2018-09-05 20:18:45', '2018-09-06 00:19:21', 1, 2, '10.786,106.692'),
(130906, 'Bánh mì ốp la', '12000', '20180906', NULL, 'null', 1, 1, 0, '2018-09-06 08:01:54', '2018-09-06 15:50:36', 1, 87922, '10.786,106.692'),
(130907, 'Xí muội', '18000', '20180906', NULL, NULL, 2, 1, 0, '2018-09-06 16:02:52', '2018-09-06 16:02:52', 1, 80322, '10.786,106.692'),
(80947, 'Bò húc', '20000', '20180906', NULL, NULL, 2, 1, 0, '2018-09-06 19:30:17', '2018-09-06 19:30:57', 1, 1, '10.786,106.692'),
(119016, 'Mì xào', '20000', '20180906', NULL, NULL, 1, 1, 0, '2018-09-06 18:29:36', '2018-09-06 19:30:13', 1, 87922, '10.786,106.692'),
(119652, 'Ăn vặt', '4500', '20180906', NULL, NULL, 1, 1, 0, '2018-09-06 17:03:40', '2018-09-06 17:04:25', 1, 12, '10.786,106.692'),
(77498, 'Sandwich', '19000', '20180907', NULL, NULL, 1, 1, 0, '2018-09-07 08:52:52', '2018-09-07 12:53:28', 1, 12, '10.786,106.692'),
(79962, 'Bò húc', '18000', '20180908', NULL, NULL, 2, 1, 0, '2018-09-08 17:03:49', '2018-09-08 17:24:43', 1, 92495, '10.786,106.692'),
(80814, 'Cơm sườn', '28000', '20180907', NULL, NULL, 1, 1, 0, '2018-09-07 20:00:39', '2018-09-08 17:01:20', 1, 8, '10.786,106.692'),
(96408, 'Bánh mì', '25000', '20180908', NULL, NULL, 1, 1, 0, '2018-09-08 17:03:12', '2018-09-08 17:03:45', 1, 92495, '10.786,106.692'),
(83975, 'Cà phê', '25000', '20180908', NULL, NULL, 2, 1, 0, '2018-09-08 21:02:07', '2018-09-08 21:03:16', 1, 1, '10.786,106.692'),
(104205, 'Thay ruột xe', '80000', '20180909', NULL, NULL, 8, 1, 0, '2018-09-09 08:30:40', '2018-09-09 17:31:14', 1, 82135, '10.786,106.692'),
(125906, 'Chanh đá', '14000', '20180909', NULL, NULL, 2, 1, 0, '2018-09-09 18:57:44', '2018-09-09 18:58:37', 1, 85013, '10.786,106.692'),
(104504, 'Bánh mì ốpla', '12000', '20180910', NULL, NULL, 1, 1, 0, '2018-09-10 08:28:47', '2018-09-10 13:29:36', 1, 0, '10.786,106.692'),
(81825, 'Cafe đá', '16000', '20180912', NULL, NULL, 2, 1, 0, '2018-09-12 16:13:05', '2018-09-12 16:13:29', 1, 80322, '10.786,106.692'),
(88249, 'Bánh mì ốpla', '12000', '20180912', NULL, NULL, 1, 1, 0, '2018-09-12 08:05:31', '2018-09-12 10:46:03', 1, 87922, '10.786,106.692'),
(90015, 'Ăn vặt', '11000', '20180913', NULL, NULL, 1, 1, 0, '2018-09-13 16:24:48', '2018-09-13 16:25:11', 1, 12, '10.786,106.692'),
(92699, 'Xí muội', '18000', '20180910', NULL, NULL, 1, 1, 0, '2018-09-10 16:03:43', '2018-09-10 18:04:17', 1, 80322, '10.786,106.692'),
(93963, 'Chanh đá', '14000', '20180913', NULL, NULL, 2, 1, 0, '2018-09-13 18:38:07', '2018-09-13 18:38:50', 1, 85013, '10.786,106.692'),
(94464, 'Đổ xăng', '50000', '20180911', NULL, NULL, 6, 1, 0, '2018-09-11 20:58:50', '2018-09-12 00:59:31', 1, 6, '10.786,106.692'),
(96638, 'Cháo lòng', '20000', '20180913', NULL, NULL, 1, 1, 0, '2018-09-13 18:37:48', '2018-09-13 18:38:01', 1, 0, '10.786,106.692'),
(100741, 'Thẻ cào', '50000', '20180912', NULL, NULL, 5, 1, 0, '2018-09-12 20:04:38', '2018-09-13 00:05:13', 1, 128707, '10.786,106.692'),
(105666, 'Ăn vặt', '14500', '20180911', NULL, NULL, 1, 1, 0, '2018-09-11 17:14:51', '2018-09-11 17:15:14', 1, 12, '10.786,106.692'),
(109355, 'Siêu thị', '121000', '20180911', NULL, NULL, 4, 1, 0, '2018-09-11 20:57:29', '2018-09-12 00:58:06', 1, 9, '10.786,106.692'),
(117693, 'Uống nước', '50000', '20180911', NULL, NULL, 2, 1, 0, '2018-09-11 20:58:11', '2018-09-12 00:58:45', 1, 8, '10.786,106.692'),
(122237, 'Coffee sữa', '15000', '20180911', NULL, NULL, 2, 1, 0, '2018-09-11 08:14:11', '2018-09-11 17:14:44', 1, 80322, '10.786,106.692'),
(130970, 'Bún bò', '20000', '20180911', NULL, NULL, 1, 1, 0, '2018-09-11 08:13:35', '2018-09-11 17:14:07', 1, 87922, '10.786,106.692'),
(68259, 'Ăn sáng', '26000', '20180918', NULL, NULL, 1, 1, 0, '2018-09-18 08:51:37', '2018-09-18 08:52:01', 1, 80322, '10.786,106.692'),
(74335, 'Đổ xăng', '50000', '20180918', NULL, NULL, 6, 1, 0, '2018-09-18 21:30:45', '2018-09-18 21:31:01', 1, 0, '10.786,106.692'),
(85262, 'Cà phê đá', '16000', '20180921', NULL, NULL, 1, 1, 0, '2018-09-21 08:58:39', '2018-09-21 08:58:56', 1, 0, '10.786,106.692'),
(88445, 'Xí muội', '18000', '20180920', NULL, NULL, 2, 1, 0, '2018-09-20 16:03:26', '2018-09-20 16:03:49', 1, 0, '10.786,106.692'),
(90858, 'Ăn sáng', '30000', '20180919', NULL, NULL, 1, 1, 0, '2018-09-19 19:48:43', '2018-09-19 19:49:31', 1, 80322, '10.786,106.692'),
(96627, 'Ăn sáng', '35000', '20180917', NULL, NULL, 1, 1, 0, '2018-09-17 09:48:11', '2018-09-17 09:48:26', 1, 0, '10.786,106.692'),
(100819, 'Mua sắm', '100000', '20180916', NULL, NULL, 4, 1, 0, '2018-09-16 20:40:17', '2018-09-16 20:40:43', 1, 3, '10.786,106.692'),
(101858, 'Bánh mì', '15000', '20180916', NULL, NULL, 1, 1, 0, '2018-09-16 18:22:07', '2018-09-16 18:22:27', 1, 0, '10.786,106.692'),
(103556, 'Bò húc', '30000', '20180915', NULL, NULL, 2, 1, 0, '2018-09-15 17:24:43', '2018-09-15 17:25:18', 1, 1, '10.786,106.692'),
(109762, 'Bạc sỉu', '15000', '20180914', NULL, NULL, 2, 1, 0, '2018-09-14 19:56:15', '2018-09-15 00:56:43', 1, 0, '10.786,106.692'),
(111792, 'Bò húc', '18000', '20180915', NULL, NULL, 2, 1, 0, '2018-09-15 09:46:08', '2018-09-15 09:46:22', 1, 0, '10.786,106.692'),
(115502, 'Cơm tấm', '27000', '20180914', NULL, NULL, 1, 1, 0, '2018-09-14 18:29:40', '2018-09-14 18:29:55', 1, 0, '10.786,106.692'),
(120189, 'Tĩnh tâm', '370000', '20180914', NULL, NULL, 3, 1, 0, '2018-09-14 20:57:08', '2018-09-15 00:58:08', 1, 105678, '10.786,106.692'),
(120908, 'Sửa xe', '15000', '20180916', NULL, NULL, 8, 1, 0, '2018-09-16 09:48:32', '2018-09-17 09:48:49', 1, 0, '10.786,106.692'),
(124199, 'Đá chanh', '14000', '20180916', NULL, NULL, 2, 1, 0, '2018-09-16 18:20:52', '2018-09-16 18:21:19', 1, 85013, '10.786,106.692'),
(67035, 'Ăn sáng', '50000', '20180923', NULL, NULL, 1, 1, 0, '2018-09-23 08:44:09', '2018-09-23 14:44:42', 1, 0, '10.786,106.692'),
(84045, 'Bò húc cà phê', '34000', '20180922', NULL, NULL, 2, 1, 0, '2018-09-22 19:50:37', '2018-09-22 19:50:57', 1, 0, '10.786,106.692'),
(84630, 'Ăn  vặt', '22500', '20180925', NULL, NULL, 1, 1, 0, '2018-09-25 16:40:17', '2018-09-25 16:40:34', 1, 0, '10.786,106.692'),
(98225, 'Khai trương cty', '160000', '20180923', NULL, NULL, 1, 1, 0, '2018-09-23 14:44:56', '2018-09-23 14:45:34', 1, 0, '10.786,106.692'),
(98713, 'Coffee sữa', '14000', '20180922', NULL, NULL, 2, 1, 0, '2018-09-22 19:51:01', '2018-09-22 19:51:24', 1, 0, '10.786,106.692'),
(107377, 'Ăn vặt', '4500', '20180924', NULL, NULL, 1, 1, 0, '2018-09-24 16:23:34', '2018-09-24 16:23:50', 1, 0, '10.786,106.692'),
(66303, 'Ăn vặt', '10000', '20180928', NULL, NULL, 1, 1, 0, '2018-09-28 17:10:23', '2018-09-28 17:11:01', 1, 0, '10.786,106.692'),
(70094, 'Xí muội', '18000', '20181005', NULL, NULL, 1, 1, 0, '2018-10-05 15:45:52', '2018-10-05 15:46:11', 1, 0, '10.786,106.692'),
(78971, 'Đổ xăng', '50000', '20180928', NULL, NULL, 6, 1, 0, '2018-09-28 17:11:05', '2018-09-28 17:11:23', 1, 0, '10.786,106.692'),
(80821, 'Nhậu nhẹt', '130000', '20180928', NULL, NULL, 1, 1, 0, '2018-09-28 19:08:03', '2018-09-29 12:08:30', 1, 0, '10.786,106.692'),
(82235, 'Ăn vặt', '14500', '20180926', NULL, NULL, 1, 1, 0, '2018-09-26 16:48:42', '2018-09-26 19:48:57', 1, 0, '10.786,106.692'),
(86022, 'Ăn sáng', '36000', '20181002', NULL, NULL, 1, 1, 0, '2018-10-02 09:03:43', '2018-10-02 09:04:10', 1, 80322, '10.786,106.692'),
(88205, 'Cơm sườn', '22000', '20181004', NULL, NULL, 1, 1, 0, '2018-10-04 08:00:37', '2018-10-04 12:00:57', 1, 0, '10.786,106.692'),
(90355, 'Cafe sữa', '20000', '20181005', NULL, NULL, 2, 1, 0, '2018-10-05 15:46:17', '2018-10-05 15:46:29', 1, 0, '10.786,106.692'),
(91940, 'Ăn vặt', '30000', '20180929', NULL, NULL, 1, 1, 0, '2018-09-29 09:26:22', '2018-09-30 09:26:46', 1, 0, '10.786,106.692'),
(93183, 'Hào sữa', '237000', '20180929', NULL, NULL, 1, 1, 0, '2018-09-29 20:28:35', '2018-09-30 09:28:57', 1, 0, '10.786,106.692'),
(93200, 'Bún bò', '20000', '20181005', NULL, NULL, 1, 1, 0, '2018-10-05 15:45:13', '2018-10-05 15:45:30', 1, 0, '10.786,106.692'),
(99639, 'Coffee đá', '16000', '20180927', NULL, NULL, 2, 1, 0, '2018-09-27 09:02:19', '2018-09-27 09:02:32', 1, 0, '10.786,106.692'),
(102870, 'Ăn sáng', '36000', '20180928', NULL, NULL, 1, 1, 0, '2018-09-28 08:09:54', '2018-09-28 17:10:16', 1, 0, '10.786,106.692'),
(109710, 'Bánh mì ốp la', '12000', '20180926', NULL, NULL, 1, 1, 0, '2018-09-26 08:39:42', '2018-09-26 15:40:00', 1, 0, '10.786,106.692'),
(116577, 'Ăn vặt', '9000', '20181003', NULL, NULL, 1, 1, 0, '2018-10-03 16:40:31', '2018-10-03 23:40:51', 1, 0, '10.786,106.692'),
(121299, 'Xí muội', '18000', '20181001', NULL, NULL, 1, 1, 0, '2018-10-01 17:16:25', '2018-10-01 17:16:49', 1, 80322, '10.786,106.692'),
(124547, 'Cà phê sữa', '20000', '20181003', NULL, NULL, 1, 1, 0, '2018-10-03 08:40:02', '2018-10-03 23:40:27', 1, 0, '10.786,106.692'),
(130031, 'Đá chanh cam vắt', '36000', '20180926', NULL, NULL, 2, 1, 0, '2018-09-26 20:01:28', '2018-09-27 09:02:05', 1, 0, '10.786,106.692'),
(130075, 'Bò húc', '20000', '20180929', NULL, NULL, 2, 1, 0, '2018-09-29 12:08:48', '2018-09-29 12:09:14', 1, 0, '10.786,106.692'),
(130600, 'Xí muội', '18000', '20181004', NULL, NULL, 2, 1, 0, '2018-10-04 12:01:02', '2018-10-04 12:01:20', 1, 0, '10.786,106.692'),
(81156, 'Ăn sáng', '75000', '20181007', NULL, NULL, 1, 1, 0, '2018-10-07 20:56:10', '2018-10-07 20:56:24', 1, 0, '10.786,106.692'),
(81649, 'Hủ tíu gõ', '15000', '20181005', NULL, NULL, 1, 1, 0, '2018-10-05 21:16:58', '2018-10-05 21:17:11', 1, 0, '10.786,106.692'),
(83433, 'Bò húc', '18000', '20181006', NULL, NULL, 2, 1, 0, '2018-10-06 12:39:24', '2018-10-06 12:39:38', 1, 0, '10.786,106.692'),
(86393, 'Bánh mì ốp la', '12000', '20181009', NULL, NULL, 1, 1, 0, '2018-10-09 17:32:14', '2018-10-10 14:27:21', 1, 85013, '10.786,106.692'),
(97352, 'Đổ xăng', '50000', '20181006', NULL, NULL, 6, 1, 0, '2018-10-06 16:47:28', '2018-10-06 16:47:43', 1, 0, '10.786,106.692'),
(99374, 'Bánh bao', '16000', '20181005', NULL, NULL, 1, 1, 0, '2018-10-05 21:17:15', '2018-10-05 21:17:30', 1, 0, '10.786,106.692'),
(102510, 'Bò Ok c', '15000', '20181006', NULL, NULL, 2, 1, 0, '2018-10-06 16:47:58', '2018-10-06 16:48:12', 1, 0, '10.786,106.692'),
(106350, 'Đá chanh', '20000', '20181007', NULL, NULL, 1, 1, 0, '2018-10-07 21:13:23', '2018-10-07 21:13:44', 1, 0, '10.786,106.692'),
(110649, 'Sandwich', '20000', '20181008', NULL, NULL, 1, 1, 0, '2018-10-08 17:32:59', '2018-10-10 09:26:45', 1, 0, '10.786,106.692'),
(112864, 'Ăn sáng', '54000', '20181006', NULL, NULL, 1, 1, 0, '2018-10-06 12:39:08', '2018-10-06 12:39:20', 1, 0, '10.786,106.692'),
(117799, 'Cà phê đá', '16000', '20181009', NULL, NULL, 2, 1, 0, '2018-10-09 17:32:36', '2018-10-09 17:32:51', 1, 0, '10.786,106.692'),
(73467, 'Cam vắt', '50000', '20181007', NULL, NULL, 2, 1, 0, '2018-10-07 20:56:50', '2018-10-07 20:57:15', 1, 0, '10.786,106.692'),
(69492, 'Vé số', '20000', '20181007', NULL, NULL, 5, 1, 0, '2018-10-07 20:56:28', '2018-10-07 20:56:46', 1, 0, '10.786,106.692'),
(69267, 'Bò húc', '20000', '20181005', NULL, NULL, 2, 1, 0, '2018-10-05 21:17:34', '2018-10-05 21:17:49', 1, 0, '10.786,106.692'),
(130274, 'Xí muội', '18000', '20181008', NULL, NULL, 2, 1, 0, '2018-10-08 17:33:24', '2018-10-10 09:26:04', 1, 0, '10.786,106.692'),
(130971, 'Xôi mặn', '15000', '20181010', NULL, NULL, 1, 1, 0, '2018-10-10 08:23:44', '2018-10-10 08:23:44', 1, 12, '10.786,106.692'),
(130972, 'Cà phê đá', '16000', '20181010', NULL, NULL, 1, 1, 0, '2018-10-10 08:24:22', '2018-10-10 08:24:22', 1, 80322, '10.786,106.692'),
(130973, 'Bún gà', '20000', '20181011', NULL, NULL, 1, 1, 0, '2018-10-11 08:24:46', '2018-10-11 08:24:46', 1, 80322, '10.786,106.692'),
(130974, 'Cà phê sữa', '18000', '20181011', NULL, NULL, 1, 1, 0, '2018-10-11 08:25:01', '2018-10-11 08:25:01', 1, 80322, '10.786,106.692'),
(130975, 'Mua sắm', '500000', '20181010', NULL, NULL, 4, 1, 0, '2018-10-10 11:25:22', '2018-10-10 11:25:22', 1, 9, '10.786,106.692'),
(130976, 'Thay tròng kiếng', '350000', '20181011', NULL, NULL, 4, 1, 0, '2018-10-11 11:26:16', '2018-10-11 11:26:16', 1, 9, '10.786,106.692'),
(130977, 'Xôi mặn', '10000', '20181012', NULL, 'null', 2, 1, 0, '2018-10-12 08:23:15', '2018-10-12 14:08:32', 1, 80322, '10.786,106.692'),
(130962, 'Xí muội', '18000', '20181012', NULL, NULL, 2, 1, 0, '2018-10-12 11:37:46', '2018-10-12 11:38:10', 1, 80322, '10.786,106.692'),
(75160, 'Go viet', '10000', '20181015', NULL, NULL, 122412, 1, 0, '2018-10-15 12:40:31', '2018-10-16 12:41:14', 1, 0, '10.786,106.692'),
(80598, 'Cháo lòng', '20000', '20181012', NULL, NULL, 1, 1, 0, '2018-10-12 19:41:02', '2018-10-12 19:41:19', 1, 0, '10.786,106.692'),
(85809, 'Bún bò', '20000', '20181017', NULL, NULL, 1, 1, 0, '2018-10-17 00:00:28', '2018-10-17 00:00:49', 1, 0, '10.786,106.692'),
(92990, 'Go việt', '18000', '20181013', NULL, NULL, 2, 1, 0, '2018-10-13 15:55:00', '2018-10-13 15:55:32', 1, 0, '10.786,106.692'),
(95568, 'Bò húc', '20000', '20181012', NULL, NULL, 2, 1, 0, '2018-10-12 19:41:23', '2018-10-12 19:41:41', 1, 0, '10.786,106.692'),
(105335, 'Bạc sỉu', '20000', '20181017', NULL, NULL, 2, 1, 0, '2018-10-17 00:00:54', '2018-10-17 00:01:20', 1, 0, '10.786,106.692'),
(109126, 'Nem nướng', '10000', '20181014', NULL, NULL, 1, 1, 0, '2018-10-14 12:43:12', '2018-10-16 12:43:28', 1, 0, '10.786,106.692'),
(111089, 'Đổ xăng', '50000', '20181017', NULL, NULL, 6, 1, 0, '2018-10-17 00:01:25', '2018-10-17 00:01:39', 1, 0, '10.786,106.692'),
(113975, 'Mua tiêu', '175000', '20181013', NULL, NULL, 4, 1, 0, '2018-10-13 15:55:36', '2018-10-13 15:55:57', 1, 0, '10.786,106.692'),
(117889, 'Hủ tiếu gõ', '15000', '20181012', NULL, NULL, 1, 1, 0, '2018-10-12 19:41:45', '2018-10-12 19:42:13', 1, 0, '10.786,106.692'),
(121606, 'Thư giãn', '570000', '20181012', NULL, NULL, 3, 1, 0, '2018-10-12 15:54:22', '2018-10-13 15:54:55', 1, 0, '10.786,106.692'),
(126337, 'Bún quậy', '50000', '20181014', NULL, NULL, 1, 1, 0, '2018-10-14 12:43:40', '2018-10-16 12:43:59', 1, 0, '10.786,106.692'),
(129489, 'Bò húc', '20000', '20181014', NULL, NULL, 1, 1, 0, '2018-10-14 12:42:29', '2018-10-16 12:42:54', 1, 0, '10.786,106.692'),
(130978, 'Hủ tíu gõ', '40000', '20181017', NULL, NULL, 1, 1, 0, '2018-10-17 11:05:19', '2018-10-17 11:05:19', 1, 105678, '10.786,106.692'),
(130979, 'Cơm tấm', '22000', '20181018', NULL, NULL, 1, 1, 0, '2018-10-18 08:05:39', '2018-10-18 08:05:39', 1, 105678, '10.786,106.692'),
(130980, 'Trà tắc xí muội', '18000', '20181018', NULL, NULL, 2, 1, 0, '2018-10-18 08:20:53', '2018-10-18 08:20:53', 1, 80322, '10.786,106.692'),
(88373, 'Quà 20/10', '30000', '20181018', NULL, NULL, 4, 1, 0, '2018-10-18 13:48:24', '2018-10-18 13:48:55', 1, 0, '10.786,106.692'),
(67158, 'Thư giãn', '370000', '20181019', NULL, NULL, 3, 1, 0, '2018-10-19 08:18:38', '2018-10-20 08:19:15', 1, 105678, '10.765,106.663'),
(68787, 'Đổ xăng', '50000', '20181021', NULL, NULL, 6, 1, 0, '2018-10-21 19:41:21', '2018-10-21 19:41:45', 1, 0, '10.765,106.663'),
(75922, 'Bánh mì chả', '15000', '20181020', NULL, NULL, 1, 1, 0, '2018-10-20 19:39:01', '2018-10-21 19:39:16', 1, 0, '10.765,106.663'),
(95808, 'Bò húc đá chanh', '35000', '20181021', NULL, NULL, 2, 1, 0, '2018-10-21 19:40:15', '2018-10-21 19:40:55', 1, 0, '10.765,106.663'),
(100835, 'Bò húv', '15000', '20181020', NULL, NULL, 2, 1, 0, '2018-10-20 17:21:34', '2018-10-20 17:21:45', 1, 0, '10.749,106.665'),
(101667, 'Bò Có c', '16000', '20181020', NULL, NULL, 2, 1, 0, '2018-10-20 11:28:00', '2018-10-20 11:28:17', 1, 0, '10.817,106.687'),
(102544, 'Lipton đá', '22000', '20181021', NULL, NULL, 2, 1, 0, '2018-10-21 19:41:01', '2018-10-21 19:41:15', 1, 0, '10.765,106.663'),
(106782, 'Bánh mì', '20000', '20181019', NULL, NULL, 1, 1, 0, '2018-10-19 08:47:31', '2018-10-19 08:47:54', 1, 0, '10.787,106.692'),
(116996, 'Bò húc', '22000', '20181019', NULL, NULL, 1, 1, 0, '2018-10-19 08:19:21', '2018-10-20 08:19:45', 1, 0, '10.765,106.663'),
(117012, 'Phở Tàu Bay', '186000', '20181021', NULL, NULL, 1, 1, 0, '2018-10-21 19:39:45', '2018-10-21 19:40:06', 1, 0, '10.765,106.663'),
(69661, 'Coffee sữa', '20000', '20181101', NULL, NULL, 2, 1, 0, '2018-11-01 15:16:45', '2018-11-01 15:17:08', 1, 0, '10.786,106.692'),
(70838, 'Bánh cuốn', '15000', '20181103', NULL, NULL, 1, 1, 0, '2018-11-03 17:42:17', '2018-11-03 17:42:43', 1, 0, '10.757,106.658'),
(72631, 'Bò húc', '16000', '20181103', NULL, NULL, 2, 1, 0, '2018-11-03 17:41:53', '2018-11-03 17:42:11', 1, 0, '10.757,106.658'),
(91851, 'Bò húc', '20000', '20181104', NULL, NULL, 2, 1, 0, '2018-11-04 20:59:12', '2018-11-04 20:59:24', 1, 0, '10.767,106.661'),
(99456, 'Coffee đá', '16000', '20181102', NULL, NULL, 2, 1, 0, '2018-11-02 12:35:31', '2018-11-02 12:36:19', 1, 0, '10.786,106.692'),
(104969, 'Bún bò', '20000', '20181102', NULL, NULL, 1, 1, 0, '2018-11-02 12:36:26', '2018-11-02 12:36:40', 1, 0, '10.786,106.692'),
(109289, 'Hủ tiếu gõ', '15000', '20181104', NULL, NULL, 1, 1, 0, '2018-11-04 20:59:30', '2018-11-04 20:59:45', 1, 0, '10.767,106.661'),
(114122, 'Bò húc', '18000', '20181104', NULL, NULL, 2, 1, 0, '2018-11-04 20:58:47', '2018-11-04 20:59:07', 1, 0, '10.767,106.661'),
(114604, 'Họp gia đình', '198000', '20181104', NULL, NULL, 2, 1, 0, '2018-11-04 00:35:40', '2018-11-04 00:36:09', 1, 0, '10.765,106.663'),
(117978, 'Bò beefsteak', '30000', '20181101', NULL, NULL, 1, 1, 0, '2018-11-01 15:16:18', '2018-11-01 15:16:41', 1, 0, '10.786,106.692'),
(119172, 'Coffee chiều', '42000', '20181101', NULL, NULL, 2, 1, 0, '2018-11-01 15:17:12', '2018-11-01 15:17:41', 1, 0, '10.786,106.692'),
(120117, 'Ăn vặt', '15000', '20181102', NULL, NULL, 1, 1, 0, '2018-11-02 16:30:24', '2018-11-02 16:30:41', 1, 0, '10.786,106.692'),
(122042, 'Bò húc', '15000', '20181103', NULL, NULL, 2, 1, 0, '2018-11-03 17:42:48', '2018-11-03 17:43:01', 1, 0, '10.757,106.658'),
(123155, 'Xôi mặn', '10000', '20181105', NULL, NULL, 1, 1, 0, '2018-11-05 09:30:00', '2018-11-05 09:30:15', 1, 0, '10.786,106.692'),
(125042, 'Bò húc', '18000', '20181101', NULL, NULL, 1, 1, 0, '2018-11-01 12:36:52', '2018-11-02 12:37:07', 1, 0, '10.786,106.692'),
(68602, 'Cơm sườn', '22000', '20181109', NULL, NULL, 1, 1, 0, '2018-11-09 15:50:59', '2018-11-09 15:51:15', 1, 0, '10.786,106.692'),
(81344, 'Ăn vặt', '10000', '20181107', NULL, NULL, 1, 1, 0, '2018-11-07 19:26:58', '2018-11-07 19:27:09', 1, 0, '10.765,106.663'),
(83189, 'Bún bò', '20000', '20181108', NULL, NULL, 1, 1, 0, '2018-11-08 08:51:26', '2018-11-08 08:51:44', 1, 0, '10.787,106.692'),
(92911, 'Tai nghe', '70000', '20181107', NULL, NULL, 4, 1, 0, '2018-11-07 21:45:11', '2018-11-07 21:45:27', 1, 0, '10.765,106.663'),
(93995, 'Cà phê sữa', '20000', '20181108', NULL, NULL, 2, 1, 0, '2018-11-08 08:51:49', '2018-11-08 08:52:03', 1, 0, '10.787,106.692'),
(95203, 'Trà sữa', '44000', '20181107', NULL, NULL, 2, 1, 0, '2018-11-07 21:44:51', '2018-11-07 21:45:06', 1, 0, '10.765,106.663'),
(96872, 'Coffee sữa', '20000', '20181109', NULL, NULL, 2, 1, 0, '2018-11-09 15:51:33', '2018-11-09 15:51:50', 1, 0, '10.786,106.692'),
(99306, 'Ăn vặt', '10000', '20181109', NULL, NULL, 1, 1, 0, '2018-11-09 15:51:55', '2018-11-09 15:52:12', 1, 0, '10.786,106.692'),
(103276, 'Bún bò', '20000', '20181107', NULL, NULL, 1, 1, 0, '2018-11-07 19:25:51', '2018-11-07 19:26:10', 1, 0, '10.765,106.663'),
(111172, 'Cà phê đá', '16000', '20181107', NULL, NULL, 1, 1, 0, '2018-11-07 19:26:14', '2018-11-07 19:26:31', 1, 0, '10.765,106.663'),
(73930, 'Bò húc', '16000', '20181110', NULL, NULL, 2, 1, 0, '2018-11-10 10:49:11', '2018-11-10 10:49:25', 1, 0, '10.817,106.687'),
(78091, 'Nhậu', '250000', '20181109', NULL, NULL, 1, 1, 0, '2018-11-09 21:52:06', '2018-11-09 21:52:24', 1, 0, '10.765,106.663'),
(92035, 'Bò húc', '15000', '20181109', NULL, NULL, 2, 1, 0, '2018-11-09 21:52:29', '2018-11-09 21:52:45', 1, 0, '10.765,106.663'),
(113406, 'Bò kho', '25000', '20181110', NULL, NULL, 1, 1, 0, '2018-11-10 10:48:51', '2018-11-10 10:49:05', 1, 0, '10.817,106.687');
INSERT INTO `actions` (`id`, `name`, `cost`, `time`, `location`, `comment`, `type_id`, `is_sync`, `is_deleted`, `created_at`, `updated_at`, `user_id`, `location_id`, `latlong`) VALUES
(72290, 'Thư giãn', '660000', '20181110', NULL, NULL, 3, 1, 0, '2018-11-10 19:00:27', '2018-11-10 19:00:44', 1, 0, '10.765,106.663'),
(89432, 'Bánh mì ốpla', '12000', '20181112', NULL, NULL, 1, 1, 0, '2018-11-12 10:23:14', '2018-11-12 10:23:40', 1, 0, '10.786,106.692'),
(91548, 'Lipton đá', '22000', '20181111', NULL, NULL, 2, 1, 0, '2018-11-11 23:45:00', '2018-11-11 23:45:14', 1, 0, '10.765,106.663'),
(122213, 'Đổ xăng', '50000', '20181111', NULL, NULL, 6, 1, 0, '2018-11-11 23:44:40', '2018-11-11 23:44:55', 1, 0, '10.765,106.663');

-- --------------------------------------------------------

--
-- Cấu trúc bảng cho bảng `locations`
--

CREATE TABLE `locations` (
  `id` int(11) NOT NULL,
  `name` varchar(255) DEFAULT NULL,
  `latlong` varchar(255) DEFAULT NULL,
  `is_sync` int(11) DEFAULT NULL,
  `desc_image` varchar(255) DEFAULT NULL,
  `address` varchar(255) DEFAULT NULL,
  `created_at` timestamp NULL DEFAULT CURRENT_TIMESTAMP,
  `updated_at` timestamp NULL DEFAULT CURRENT_TIMESTAMP,
  `user_id` int(11) DEFAULT NULL
) ENGINE=MyISAM DEFAULT CHARSET=utf8mb4;

--
-- Đang đổ dữ liệu cho bảng `locations`
--

INSERT INTO `locations` (`id`, `name`, `latlong`, `is_sync`, `desc_image`, `address`, `created_at`, `updated_at`, `user_id`) VALUES
(1, 'Cafe Vòng Tròn', '10.781337800901731, 106.66229143738747', 1, '', 'G4 bis Trường Sơn, Cư xá Bắc Hải, Phường 15, Quận 10, Hồ Chí Minh, Việt Nam', '2018-06-02 09:08:28', '2018-10-18 18:01:38', 1),
(2, 'Caphe La Trầm', '10.782805416171115, 106.66249260306358', 1, '', 'K4 Bửu Long, Cư xá Bắc Hải, Phường 15, Quận 10, Hồ Chí Minh, Việt Nam', '2018-06-02 09:11:47', '2018-10-18 18:01:38', 1),
(3, 'Siêu thị Sài Gòn', '10.768555807732435, 106.66769206523895', 1, '', '398 Đường 3/2, Phường 10, Quận 10, Hồ Chí Minh, Việt Nam', '2018-06-02 09:14:34', '2018-10-18 18:01:38', 1),
(4, 'ROYAL TEA CAO THẮNG', '10.770264584270205, 106.68210357427597', 1, '', '64 Cao Thắng, phường 4, Quận 3, Hồ Chí Minh, Việt Nam', '2018-06-02 16:33:47', '2018-10-18 18:01:38', 1),
(5, 'MSMT', '10.787432177943806, 106.65354609489441', 1, '', '508 Lý Thường Kiệt, phường 7, Tân Bình, Hồ Chí Minh, Việt Nam', '2018-06-02 16:35:36', '2018-10-18 18:01:38', 1),
(6, 'Cửa Hàng Xăng Dầu Số 35', '10.7825287567487, 106.68382287025452', 1, '', '70 Trương Định, phường 7, Quận 3, Hồ Chí Minh, Việt Nam', '2018-06-02 17:17:50', '2018-10-18 18:01:38', 1),
(7, 'Milano Coffee', '10.775037776849627, 106.67427957057953', 1, '', '334 Cao Thắng, Phường 12, Quận 10, Hồ Chí Minh, Việt Nam', '2018-06-02 17:23:08', '2018-10-18 18:01:38', 1),
(8, 'Quán Cà Phê Hẻm', '10.768197450898992, 106.65936648845673', 1, '', 'Hẻm 284/7 Lý Thường Kiệt, phường 14, Quận 10, Hồ Chí Minh, Việt Nam', '2018-06-02 17:24:28', '2018-10-18 18:01:38', 1),
(9, 'Big C Miền Đông', '10.778484230435794, 106.66543364524841', 1, '', '138A Tô Hiến Thành, Cư xá Bắc Hải, Phường 15, Quận 10, Hồ Chí Minh, Việt Nam', '2018-06-02 17:25:37', '2018-10-18 18:01:38', 1),
(10, 'Cafe Cây Si', '10.820028277499157, 106.69088244438171', 1, '', '295 Phạm Văn Đồng, phường 1, Gò Vấp, Hồ Chí Minh, Việt Nam', '2018-06-02 17:54:19', '2018-10-18 18:01:38', 1),
(11, 'The Coffee House Signature', '10.78369204203445, 106.69451147317886', 1, '', '19 Phạm Ngọc Thạch, phường 6, Quận 3, Hồ Chí Minh, Việt Nam', '2018-06-02 17:56:11', '2018-10-18 18:01:38', 1),
(12, 'Family Mart Phạm Ngọc Thạch', '10.786040995098723, 106.69216856360435', 1, '', '57-59 Phạm Ngọc Thạch, phường 6, Quận 3, Hồ Chí Minh, Việt Nam', '2018-06-02 17:57:06', '2018-10-18 18:01:38', 1),
(13, 'The Coffee Factory', '10.77824709039819, 106.68906658887863', 1, '', '2A Trương Định, phường 6, Quận 3, Hồ Chí Minh, Việt Nam', '2018-06-02 18:02:43', '2018-10-18 18:01:38', 1),
(14, 'Cà Phê Phúc Ân', '10.817414818428288, 106.68607592582703', 1, '', '441/47 Đường số 7, phường 1, Gò Vấp, Hồ Chí Minh, Việt Nam', '2018-06-02 18:05:37', '2018-10-18 18:01:38', 1),
(15, 'Quán A Mập', '10.784328355865068, 106.6621533036232', 1, '', '206-212 Bắc Hải, Cư xá Bắc Hải, Phường 15, Quận 10, Hồ Chí Minh, Việt Nam', '2018-06-02 18:09:35', '2018-10-18 18:01:38', 1),
(16, 'Nhà Thờ Đức Bà Sài Gòn (Notre dame Cathedral Saigon)', '10.779741069515575, 106.6991114616394', 1, '', '2 Công xã Paris, Bến Nghé, Quận 1, Hồ Chí Minh, Việt Nam', '2018-06-02 18:10:54', '2018-10-18 18:01:38', 1),
(17, 'Nhà thờ Tin lành Nguyễn Tri Phương', '10.765883931083374, 106.66414082050323', 1, '', '3 Ngô Quyền, phường 8, Quận 10, Hồ Chí Minh, Việt Nam', '2018-06-02 18:11:33', '2018-10-18 18:01:38', 1),
(18, 'Trạm xăng dầu Nguyễn Tri Phương', '10.772279004608022, 106.6650527715683', 1, '', '47 Thành Thái, phường 14, Quận 10, Hồ Chí Minh, Việt Nam', '2018-06-02 18:15:28', '2018-10-18 18:01:38', 1),
(19, 'Highlands Coffee', '10.785334861950027, 106.6986072063446', 1, '', '1 Trần Cao Vân, Đa Kao, Quận 1, Hồ Chí Minh, Việt Nam', '2018-06-02 18:16:20', '2018-10-18 18:01:38', 1),
(20, 'Gia Hân Coffee', '10.767204062448288, 106.66097916662693', 1, '', 'Hẻm 666/46/9 đường Ba Tháng Hai, phường 14, Quận 10, Hồ Chí Minh, Việt Nam', '2018-06-03 12:46:39', '2018-10-18 18:01:38', 1),
(28, 'Phòng thu âm TMuzik', '10.766184320764541, 106.66254758834839', 1, '', '24/8 Hẻm 606 Ba Tháng Hai, phường 14, Quận 10, Hồ Chí Minh, Việt Nam', '2018-06-03 15:02:36', '2018-10-18 18:01:38', 1),
(29, 'ATM Agribank - Quận 10', '10.76478249969053, 106.66281580924988', 1, '', '594 Bà Hạt, phường 6, Quận 10, Hồ Chí Minh, Việt Nam', '2018-06-03 15:05:00', '2018-10-18 18:01:38', 1),
(30, 'Vietnam Australia International School', '10.765715291131126, 106.6633415222168', 1, '', '594 Ba Tháng Hai, phường 14, Quận 10, Hồ Chí Minh, Việt Nam', '2018-06-03 15:05:45', '2018-10-18 18:01:38', 1),
(31, 'Cửa hàng linh kiện điện thoại Thảo Duy', '10.765515031065247, 106.66304111480713', 1, '', '560 Đường 3/2, phường 14, Quận 10, Hồ Chí Minh, Việt Nam', '2018-06-03 15:09:21', '2018-10-18 18:01:38', 1),
(32, 'Chợ Nguyễn Tri Phương', '10.764434678414318, 106.66366338729858', 1, '', '68 Nguyễn Lâm, phường 6, Quận 10, Hồ Chí Minh, Việt Nam', '2018-06-03 15:10:24', '2018-10-18 18:01:38', 1),
(33, 'Cafe Sài Gòn Xưa', '10.762916908147831, 106.66653871536255', 1, '', '136-140 Nguyễn Tiểu La, phường 5, Quận 10, Hồ Chí Minh, Việt Nam', '2018-06-03 15:19:40', '2018-10-18 18:01:38', 1),
(34, 'Co.opmart Lý Thường Kiệt', '10.759844453971498, 106.66154444217682', 1, '', '479 Hoà Hảo, phường 7, Quận 11, Hồ Chí Minh, Việt Nam', '2018-06-03 15:31:11', '2018-10-18 18:01:38', 1),
(35, 'Lẩu Cá Cô Thư', '10.766885228855989, 106.66028916835785', 1, '', '414 Lý Thường Kiệt, phường 14, Quận 10, Hồ Chí Minh, Việt Nam', '2018-06-03 15:32:51', '2018-10-18 18:01:38', 1),
(36, 'Phát Đạt Computer', '10.76367579423648, 106.66026771068573', 1, '', '140/1 Lý Thường Kiệt, phường 7, Quận 10, Hồ Chí Minh, Việt Nam', '2018-06-03 15:33:28', '2018-10-18 18:01:38', 1),
(37, 'Cà Ri Dê Ớt Già', '10.764339817996591, 106.665900349617', 1, '', '244 Nhật Tảo, phường 8, Quận 10, Hồ Chí Minh, Việt Nam', '2018-06-03 15:35:36', '2018-10-18 18:01:38', 1),
(38, 'Quán 1331', '10.791821739195171, 106.6608202457428', 1, '', '1331 Hoàng Sa', '2018-06-05 22:37:09', '2018-10-18 18:01:38', 1),
(39, 'Turn Coffee', '10.765841771104157, 106.66391015052795', 1, '', '635 Bis Đường 3/2, Q.10', '2018-06-07 11:54:11', '2018-10-18 18:01:38', 1),
(40, 'Bánh mì Tiến Lợi', '10.7649260269763, 106.66315718380724', 1, '', '102 Nguyễn Lâm P6 Q10', '2018-06-08 01:02:00', '2018-10-18 18:01:38', 1),
(41, 'Cà phê Sáng', '10.732372974122613, 106.68967604418026', 1, '', 'Đường số 9A, Q. Bình Chánh', '2018-06-11 16:28:47', '2018-10-18 18:01:38', 1),
(42, 'Cơm mì xào Cửu Long', '10.781776597420153, 106.66208474169889', 1, '', 'Đường Cửu Long, Q.10', '2018-06-11 16:30:52', '2018-10-18 18:01:38', 1),
(43, 'Xa lộ Hà Nội', '10.859322257052458, 106.78953409194946', 1, '', '39561-39567 Xa lộ Hà Nội, Linh Trung, Thủ Đức, Hồ Chí Minh, Việt Nam', '2018-06-11 16:35:02', '2018-10-18 18:01:38', 1),
(44, 'Cây xăng Xa lộ Hà Nội', '10.859880702252601, 106.78961992263794', 1, '', 'Đường số 17, Linh Trung, Thủ Đức, Hồ Chí Minh, Việt Nam', '2018-06-11 16:37:01', '2018-10-18 18:01:38', 1),
(45, 'Quán cháo lòng miền Nam', '10.78414399651839, 106.66194501158031', 1, '', '432 Bắc Hải, Q10', '2018-06-13 11:13:47', '2018-10-18 18:01:38', 1),
(46, 'Ốc Tuyết Nga', '10.782987168078876, 106.6617291919681', 1, '', '11 Châu Thới, Q.10', '2018-06-14 11:10:38', '2018-10-18 18:01:38', 1),
(47, 'Cây xăng Mipec', '10.786890724021896, 106.69108226895332', 1, '', '95BIS Võ Thị Sáu, Phường 6, Quận 3', '2018-06-27 15:09:49', '2018-10-18 18:01:38', 1),
(48, 'Phở Tàu Bay', '10.767823283750358, 106.66846185922623', 1, '', '457 Lý Thái Tổ Tổ12 Khu phốI, Phường 9, Quận 10, Hồ Chí Minh, Việt Nam', '2018-07-04 17:30:50', '2018-10-18 18:01:38', 1),
(49, 'Bún Cá Thố', '10.749314605106981, 106.71581357717514', 1, '', '57/9BIS Đường Lâm Văn Bền, Tân Thuận Tây, Quận 7, Hồ Chí Minh, Việt Nam', '2018-07-04 17:33:09', '2018-10-18 18:01:38', 1),
(50, 'Chung Cư Ấn Quang', '10.764845739879423, 106.67106628417969', 1, '', '162a Vĩnh Viễn Tổ 70 Khu phố IV, Phường 9, Quận 10, Hồ Chí Minh, Việt Nam', '2018-07-12 10:55:20', '2018-10-18 18:01:38', 1),
(51, 'Shop cầu lông VNBADMINTON', '10.780002580970473, 106.67660303413868', 1, '', '15 Hoà Hưng, Phường 13, Quận 10, Hồ Chí Minh, Việt Nam', '2018-07-27 13:55:40', '2018-10-18 18:01:38', 1),
(52, 'Aha Cafe', '10.786719461021267, 106.69140949845314', 1, '', '77 Phạm Ngọc Thạch, phường 6, Quận 3, Hồ Chí Minh, Việt Nam', '2018-07-27 19:11:08', '2018-10-18 18:01:38', 1),
(70197, 'Landmark 81', '10.794667278871271, 106.72216773033142', 1, '', '101 Trần Trọng Kim, Phường 22, Bình Thạnh, Hồ Chí Minh, Việt Nam', '2018-08-01 09:50:11', '2018-10-18 18:01:38', 1),
(87922, 'An Khanh Office Building', '10.786246511151427, 106.69164553284645', 1, '', '63 Phạm Ngọc Thạch, Phường 6, Quận 3, Hồ Chí Minh, Việt Nam', '2018-08-01 09:48:20', '2018-10-18 18:01:38', 1),
(101275, 'Công viên hầm vượt sông Sài Gòn', '10.770326505828582, 106.71122431755066', 1, '', 'Hầm Thủ Thiêm, Thủ Thiêm, Quận 1, Hồ Chí Minh, Việt Nam', '2018-08-01 10:57:49', '2018-10-18 18:01:38', 1),
(128707, 'The Coffee House - Ba Tháng Hai', '10.766121080856541, 106.66403084993362', 1, '', '570 Đường 3/2, Phường 14, Quận 10, Hồ Chí Minh, Việt Nam', '2018-08-01 11:26:20', '2018-10-18 18:01:38', 1),
(97438, 'Bánh mì Chả Lụa', '10.780028, 106.699040', 1, NULL, 'Bưu điện Q5', '2018-08-06 15:47:03', '2018-10-18 18:01:38', 1),
(100441, 'Nem nướng Oanh Vy', '10.780028, 106.699040', 1, NULL, '131000', '2018-08-06 15:45:09', '2018-10-18 18:01:38', 1),
(119890, 'Fahasa Lý Thường Kiệt', '10.780028, 106.699040', 1, NULL, '487 Lý Thường Kiệt Q10', '2018-08-06 22:53:53', '2018-10-18 18:01:38', 1),
(80322, 'Chinh Coffee', '10.780028, 106.699040', 1, NULL, 'Phạm Ngọc Thạch, Q3', '2018-08-08 16:41:09', '2018-10-18 18:01:38', 1),
(76324, 'Chung cư C9', '10.780028, 106.699040', 1, NULL, 'Q.10', '2018-08-11 19:10:36', '2018-10-18 18:01:38', 1),
(82135, 'Lâm Thương', '10.780028, 106.699040', 1, NULL, 'Q10', '2018-08-12 11:25:51', '2018-10-18 18:01:38', 1),
(117739, 'Đệ Nhất BBQ', '10.780028, 106.699040', 1, NULL, 'Trung Sơn, Q7', '2018-08-12 11:24:34', '2018-10-18 18:01:38', 1),
(92495, 'Bánh mì chả lụa Q5', '10.780028, 106.699040', 1, NULL, 'Q5', '2018-08-28 18:06:58', '2018-10-18 18:01:38', 1),
(109820, 'Trường đua', '10.780028, 106.699040', 1, NULL, 'Q10', '2018-08-18 00:23:48', '2018-10-18 18:01:38', 1),
(121772, 'Nem nướng Oanh Vy', '10.780028, 106.699040', 1, NULL, 'Q1', '2018-08-19 09:20:28', '2018-10-18 18:01:38', 1),
(80022, 'Bò kho', '10.780028, 106.699040', 1, NULL, 'Q10', '2018-09-02 11:22:51', '2018-10-18 18:01:38', 1),
(97899, 'Nem nướng Oanh Vy', '10.780028, 106.699040', 1, NULL, 'Q1', '2018-09-03 08:19:42', '2018-10-18 18:01:38', 1),
(80819, 'Hồ con rùa', '10.780028, 106.699040', 1, NULL, 'Q1', '2018-09-06 16:36:24', '2018-10-18 18:01:38', 1),
(97223, 'Châu gia huy Coffee', '10.780028, 106.699040', 1, NULL, 'Q3', '2018-09-06 16:46:01', '2018-10-18 18:01:38', 1),
(87582, 'Hủ tiếu Nhân Quán', '10.780028, 106.699040', 1, NULL, 'Q1', '2018-09-06 16:48:27', '2018-10-18 18:01:38', 1),
(83124, 'Bún cá Thố', '10.780028, 106.699040', 1, NULL, 'Q7', '2018-09-06 16:57:06', '2018-10-18 18:01:38', 1),
(85013, 'Caro Coffee', '10.780028, 106.699040', 1, NULL, 'Q10', '2018-09-09 18:58:28', '2018-10-18 18:01:38', 1),
(105678, 'Trường đua', '10.780028, 106.699040', 1, NULL, 'Q10', '2018-09-15 00:57:58', '2018-10-18 18:01:38', 1);

-- --------------------------------------------------------

--
-- Cấu trúc bảng cho bảng `migrations`
--

CREATE TABLE `migrations` (
  `id` int(10) UNSIGNED NOT NULL,
  `migration` varchar(255) COLLATE utf8mb4_unicode_ci NOT NULL,
  `batch` int(11) NOT NULL
) ENGINE=InnoDB DEFAULT CHARSET=utf8mb4 COLLATE=utf8mb4_unicode_ci ROW_FORMAT=DYNAMIC;

--
-- Đang đổ dữ liệu cho bảng `migrations`
--

INSERT INTO `migrations` (`id`, `migration`, `batch`) VALUES
(30, '2018_04_13_063658_create_auth_keys_table', 1),
(31, '2018_04_13_064006_create_calls_table', 1),
(32, '2018_04_13_064320_create_phone_destinations_table', 1),
(33, '2018_04_13_064639_create_cancel_requests_table', 1),
(34, '2018_04_13_070322_create_source_phone_numbers_table', 1),
(35, '2018_04_13_070610_create_button_actions_table', 1),
(36, '2018_04_13_070704_create_system_settings_table', 1),
(37, '2018_04_26_123059_create_jobs_table', 1),
(41, '2014_10_12_000000_create_users_table', 2),
(42, '2014_10_12_100000_create_password_resets_table', 2),
(43, '2018_05_26_172316_adds_api_token_to_users_table', 2),
(44, '2018_05_27_232304_create_settings_table', 3);

-- --------------------------------------------------------

--
-- Cấu trúc bảng cho bảng `password_resets`
--

CREATE TABLE `password_resets` (
  `email` varchar(255) COLLATE utf8mb4_unicode_ci NOT NULL,
  `token` varchar(255) COLLATE utf8mb4_unicode_ci NOT NULL,
  `created_at` timestamp NULL DEFAULT NULL
) ENGINE=InnoDB DEFAULT CHARSET=utf8mb4 COLLATE=utf8mb4_unicode_ci ROW_FORMAT=DYNAMIC;

-- --------------------------------------------------------

--
-- Cấu trúc bảng cho bảng `settings`
--

CREATE TABLE `settings` (
  `key` varchar(255) COLLATE utf8_unicode_ci NOT NULL,
  `value` varchar(255) COLLATE utf8_unicode_ci NOT NULL
) ENGINE=InnoDB DEFAULT CHARSET=utf8 COLLATE=utf8_unicode_ci;

--
-- Đang đổ dữ liệu cho bảng `settings`
--

INSERT INTO `settings` (`key`, `value`) VALUES
('AUTH_URI', '/api/v1/auth'),
('BACKUP_URI', '/api/v1/backup'),
('BUDGET', '2500000'),
('SERVER_URL', 'http://192.168.1.8'),
('SYNC_URI', '/api/v1/sync');

-- --------------------------------------------------------

--
-- Cấu trúc bảng cho bảng `types`
--

CREATE TABLE `types` (
  `value` int(11) NOT NULL,
  `name` varchar(255) DEFAULT NULL,
  `color` varchar(255) DEFAULT NULL,
  `icon` varchar(255) DEFAULT NULL,
  `is_sync` int(11) DEFAULT NULL,
  `order` int(11) DEFAULT NULL,
  `updated_at` timestamp NULL DEFAULT NULL,
  `created_at` timestamp NULL DEFAULT NULL,
  `user_id` int(11) DEFAULT '1'
) ENGINE=MyISAM DEFAULT CHARSET=utf8mb4;

--
-- Đang đổ dữ liệu cho bảng `types`
--

INSERT INTO `types` (`value`, `name`, `color`, `icon`, `is_sync`, `order`, `updated_at`, `created_at`, `user_id`) VALUES
(1, 'Ăn uống', NULL, 'https://cdn0.iconfinder.com/data/icons/kameleon-free-pack-rounded/110/Food-Dome-128.png', 1, 1, '2018-10-18 18:01:38', NULL, 1),
(2, 'Coffee', NULL, 'https://cdn3.iconfinder.com/data/icons/breakfast/coffee-cup.png', 1, 2, '2018-10-18 18:01:38', NULL, 1),
(8, 'Sửa xe', NULL, 'https://cdn2.iconfinder.com/data/icons/circle-icons-1/64/motorcycle-128.png', 1, 3, '2018-10-18 18:01:38', NULL, 1),
(6, 'Đổ xăng', NULL, 'https://cdn0.iconfinder.com/data/icons/citycons/150/Citycons_fuel-128.png', 1, 4, '2018-10-18 18:01:38', NULL, 1),
(5, 'Vé số - thẻ cào', NULL, 'https://cdn2.iconfinder.com/data/icons/circle-icons-1/64/creditcard-128.png', 1, 5, '2018-10-18 18:01:38', NULL, 1),
(4, 'Mua sắm', NULL, 'https://cdn2.iconfinder.com/data/icons/circle-icons-1/64/cart-128.png', 1, 6, '2018-10-18 18:01:38', NULL, 1),
(9, 'Trà sữa', NULL, 'https://cdn3.iconfinder.com/data/icons/pictograms-vol-2-3/400/cup-128.png', 1, 7, '2018-10-18 18:01:38', NULL, 1),
(3, 'Thư giãn', NULL, 'https://cdn0.iconfinder.com/data/icons/streamline-emoji-1/48/250-man-getting-massage-1-128.png', 1, 8, '2018-10-18 18:01:38', NULL, 1),
(7, 'Khác', NULL, 'https://cdn2.iconfinder.com/data/icons/metro-uinvert-dock/128/Other_Antivirus_Software.png', 1, 9999, '2018-10-18 18:01:38', NULL, 1),
(128566, 'Thể thao', NULL, 'https://facebook.github.io/react-native/docs/assets/favicon.png', 1, 90, '2018-10-18 18:01:38', '2018-08-01 10:05:53', 1),
(70209, 'Đám cưới', NULL, 'https://facebook.github.io/react-native/docs/assets/favicon.png', 1, 90, '2018-10-18 18:01:38', '2018-08-06 15:37:07', 1),
(127347, 'Trả nợ', NULL, 'https://facebook.github.io/react-native/docs/assets/favicon.png', 1, 90, '2018-10-18 18:01:38', '2018-08-06 15:38:39', 1),
(69258, 'Học tập', NULL, 'https://facebook.github.io/react-native/docs/assets/favicon.png', 1, 90, '2018-10-18 18:01:38', '2018-08-06 22:52:42', 1),
(93283, 'Cắt tóc', NULL, 'https://facebook.github.io/react-native/docs/assets/favicon.png', 1, 90, '2018-10-18 18:01:38', '2018-08-12 11:25:27', 1),
(122412, 'Xe ôm', NULL, 'https://facebook.github.io/react-native/docs/assets/favicon.png', 1, 90, '2018-10-18 18:01:38', '2018-10-16 12:40:48', 1);

-- --------------------------------------------------------

--
-- Cấu trúc bảng cho bảng `users`
--

CREATE TABLE `users` (
  `id` int(10) UNSIGNED NOT NULL,
  `name` varchar(255) COLLATE utf8mb4_unicode_ci NOT NULL,
  `loginid` varchar(50) COLLATE utf8mb4_unicode_ci NOT NULL,
  `password` char(255) COLLATE utf8mb4_unicode_ci NOT NULL,
  `locked` int(11) NOT NULL,
  `remember_token` varchar(100) COLLATE utf8mb4_unicode_ci DEFAULT NULL,
  `deleted_at` timestamp NULL DEFAULT NULL,
  `created_at` timestamp NOT NULL DEFAULT CURRENT_TIMESTAMP,
  `updated_at` timestamp NOT NULL DEFAULT CURRENT_TIMESTAMP,
  `api_token` varchar(60) COLLATE utf8mb4_unicode_ci DEFAULT NULL
) ENGINE=InnoDB DEFAULT CHARSET=utf8mb4 COLLATE=utf8mb4_unicode_ci ROW_FORMAT=DYNAMIC;

--
-- Đang đổ dữ liệu cho bảng `users`
--

INSERT INTO `users` (`id`, `name`, `loginid`, `password`, `locked`, `remember_token`, `deleted_at`, `created_at`, `updated_at`, `api_token`) VALUES
(1, 'Administrator', 'vuongluu', '$2y$10$NjBhgA5W4TAN1cPYCThyF.O7uD8F72arCDwPwMErII07QLcfhQA8W', 0, 'lHFYk8cfJQYOJmXitMivgqsfnBipSbUOTLs6I6Hkjk5wDBRRLaoWNrq1ExPc', NULL, '2018-05-26 08:30:57', '2018-05-26 08:30:57', NULL);

--
-- Chỉ mục cho các bảng đã đổ
--

--
-- Chỉ mục cho bảng `actions`
--
ALTER TABLE `actions`
  ADD PRIMARY KEY (`id`);

--
-- Chỉ mục cho bảng `locations`
--
ALTER TABLE `locations`
  ADD PRIMARY KEY (`id`);

--
-- Chỉ mục cho bảng `migrations`
--
ALTER TABLE `migrations`
  ADD PRIMARY KEY (`id`);

--
-- Chỉ mục cho bảng `password_resets`
--
ALTER TABLE `password_resets`
  ADD KEY `password_resets_email_index` (`email`(191));

--
-- Chỉ mục cho bảng `settings`
--
ALTER TABLE `settings`
  ADD PRIMARY KEY (`key`);

--
-- Chỉ mục cho bảng `types`
--
ALTER TABLE `types`
  ADD PRIMARY KEY (`value`);

--
-- Chỉ mục cho bảng `users`
--
ALTER TABLE `users`
  ADD PRIMARY KEY (`id`),
  ADD UNIQUE KEY `users_loginid_unique` (`loginid`),
  ADD UNIQUE KEY `users_api_token_unique` (`api_token`);

--
-- AUTO_INCREMENT cho các bảng đã đổ
--

--
-- AUTO_INCREMENT cho bảng `actions`
--
ALTER TABLE `actions`
  MODIFY `id` int(11) NOT NULL AUTO_INCREMENT, AUTO_INCREMENT=130981;

--
-- AUTO_INCREMENT cho bảng `locations`
--
ALTER TABLE `locations`
  MODIFY `id` int(11) NOT NULL AUTO_INCREMENT, AUTO_INCREMENT=128708;

--
-- AUTO_INCREMENT cho bảng `migrations`
--
ALTER TABLE `migrations`
  MODIFY `id` int(10) UNSIGNED NOT NULL AUTO_INCREMENT, AUTO_INCREMENT=45;

--
-- AUTO_INCREMENT cho bảng `users`
--
ALTER TABLE `users`
  MODIFY `id` int(10) UNSIGNED NOT NULL AUTO_INCREMENT, AUTO_INCREMENT=2;
COMMIT;

/*!40101 SET CHARACTER_SET_CLIENT=@OLD_CHARACTER_SET_CLIENT */;
/*!40101 SET CHARACTER_SET_RESULTS=@OLD_CHARACTER_SET_RESULTS */;
/*!40101 SET COLLATION_CONNECTION=@OLD_COLLATION_CONNECTION */;
