-- MySQL dump 10.13  Distrib 5.7.12, for Win64 (x86_64)
--
-- Host: localhost    Database: mm_db
-- ------------------------------------------------------
-- Server version	5.7.19

/*!40101 SET @OLD_CHARACTER_SET_CLIENT=@@CHARACTER_SET_CLIENT */;
/*!40101 SET @OLD_CHARACTER_SET_RESULTS=@@CHARACTER_SET_RESULTS */;
/*!40101 SET @OLD_COLLATION_CONNECTION=@@COLLATION_CONNECTION */;
/*!40101 SET NAMES utf8 */;
/*!40103 SET @OLD_TIME_ZONE=@@TIME_ZONE */;
/*!40103 SET TIME_ZONE='+00:00' */;
/*!40014 SET @OLD_UNIQUE_CHECKS=@@UNIQUE_CHECKS, UNIQUE_CHECKS=0 */;
/*!40014 SET @OLD_FOREIGN_KEY_CHECKS=@@FOREIGN_KEY_CHECKS, FOREIGN_KEY_CHECKS=0 */;
/*!40101 SET @OLD_SQL_MODE=@@SQL_MODE, SQL_MODE='NO_AUTO_VALUE_ON_ZERO' */;
/*!40111 SET @OLD_SQL_NOTES=@@SQL_NOTES, SQL_NOTES=0 */;

--
-- Table structure for table `actions`
--

DROP TABLE IF EXISTS `actions`;
/*!40101 SET @saved_cs_client     = @@character_set_client */;
/*!40101 SET character_set_client = utf8 */;
CREATE TABLE `actions` (
  `id` int(11) NOT NULL AUTO_INCREMENT,
  `name` varchar(255) DEFAULT NULL,
  `cost` varchar(255) DEFAULT NULL,
  `time` varchar(255) DEFAULT NULL,
  `location` varchar(255) DEFAULT NULL,
  `comment` varchar(255) DEFAULT NULL,
  `type_id` int(11) DEFAULT NULL,
  `is_sync` int(11) DEFAULT NULL,
  `is_deleted` int(11) NOT NULL,
  `created_at` timestamp NULL DEFAULT NULL,
  `updated_at` timestamp NULL DEFAULT NULL,
  `user_id` int(11) DEFAULT '1',
  `location_id` int(11) DEFAULT NULL,
  PRIMARY KEY (`id`)
) ENGINE=MyISAM AUTO_INCREMENT=130908 DEFAULT CHARSET=utf8mb4;
/*!40101 SET character_set_client = @saved_cs_client */;

--
-- Dumping data for table `actions`
--

LOCK TABLES `actions` WRITE;
/*!40000 ALTER TABLE `actions` DISABLE KEYS */;
INSERT INTO `actions` VALUES (1,'Bò húc','20000','20180516',NULL,'Cà phê Vòng Tròn',2,1,0,'2018-05-16 11:21:48','2018-05-16 11:21:48',1,1),(2,'Mì xào trứng','15000','20180516',NULL,NULL,1,1,0,'2018-05-16 11:21:48','2018-05-28 16:44:55',1,NULL),(3,'Bánh bao xá xíu','15000','20180517',NULL,'null',1,1,0,'2018-05-17 01:25:21','2018-05-17 01:25:21',1,12),(4,'2 lon bò húc','40000','20180517',NULL,'Nhà thờ Thánh Bường, Bắc Hải',2,1,0,'2018-05-17 12:25:21','2018-05-17 12:25:21',1,2),(5,'Bánh bao thịt','12000','20180518',NULL,'Mua tại FamilyMart',1,1,0,'2018-05-18 01:30:40','2018-05-18 01:30:40',1,12),(6,'Cà phê sữa','35000','20180518',NULL,'Tạm được',2,1,0,'2018-05-18 11:01:40','2018-05-18 11:01:40',1,19),(7,'Cơm chiên','30000','20180518',NULL,'Ngon',1,1,0,'2018-05-18 12:30:40','2018-05-18 12:30:40',1,15),(8,'Bò húc','15000','20180518',NULL,'null',2,1,0,'2018-05-18 12:30:40','2018-05-18 12:30:40',1,1),(9,'Thay ruột xe','75000','20180519',NULL,'Giá chấp nhận được',8,1,0,'2018-05-19 09:06:16','2018-05-19 09:06:16',1,17),(10,'Xăng','50000','20180519',NULL,'null',6,1,0,'2018-05-19 09:06:16','2018-05-19 09:06:16',1,18),(11,'Bò húc','20000','20180519',NULL,'Không gian ổn, hơi ồn ào',2,1,0,'2018-05-19 09:06:16','2018-05-19 09:06:16',1,1),(12,'Vé số','10000','20180519',NULL,'Ủng hộ người tàn tật',5,1,0,'2018-05-19 09:06:16','2018-05-19 09:06:16',1,1),(13,'Thẻ cào','20000','20180519',NULL,NULL,5,1,0,'2018-05-19 09:06:16','2018-05-28 16:44:55',1,NULL),(14,'Bò húc - Đá chanh','45000','20180520',NULL,'Chỗ quen uống lâu năm',2,1,0,'2018-05-20 09:12:12','2018-05-20 09:12:12',1,1),(15,'Trà sữa','94000','20180520',NULL,'Mắc như chó',9,1,0,'2018-05-20 09:12:12','2018-05-20 09:12:12',1,4),(16,'Siêu thị','102000','20180521',NULL,'null',4,1,0,'2018-05-21 09:16:05','2018-05-21 09:16:05',1,3),(17,'Numer one','9000','20180522',NULL,'null',1,1,0,'2018-05-22 09:16:42','2018-05-22 09:16:42',1,12),(18,'Bò húc','20000','20180522',NULL,'null',2,1,0,'2018-05-22 09:16:42','2018-05-22 09:16:42',1,1),(19,'Bánh bao','11000','20180523',NULL,'null',1,1,0,'2018-05-23 01:10:25','2018-05-23 01:10:25',1,12),(20,'Bánh canh chả cá','22000','20180523',NULL,'Cũng ngon',1,1,0,'2018-05-23 09:17:25','2018-05-23 09:17:25',1,20),(21,'Đá chanh','14000','20180523',NULL,'null',2,1,0,'2018-05-23 09:17:25','2018-05-23 09:17:25',1,20),(22,'Đá me, chanh muối','30000','20180524',NULL,'null',2,1,0,'2018-05-24 09:18:29','2018-05-24 09:18:29',1,16),(23,'Cà phê sữa','32000','20180525',NULL,'Mắc, nóng bỏ mẹ',2,1,0,'2018-05-25 09:19:21','2018-05-25 09:19:21',1,13),(24,'Cơm chiên trứng','30000','20180525',NULL,'Hôm nay hơi dở',1,1,0,'2018-05-25 09:19:21','2018-05-25 09:19:21',1,15),(25,'Bò húc','20000','20180525',NULL,'null',2,1,0,'2018-05-25 09:19:21','2018-05-25 09:19:21',1,1),(26,'Bò húc','18000','20180526',NULL,'null',2,1,0,'2018-05-26 09:20:53','2018-05-26 09:20:53',1,14),(27,'Sting dâu','17000','20180526',NULL,'null',2,1,0,'2018-05-26 09:21:17','2018-05-26 09:21:17',1,7),(28,'Cháo lòng','15000','20180526',NULL,'Tạm được',1,1,0,'2018-05-26 16:57:09','2018-05-26 16:57:09',1,1),(29,'Bò húc','20000','20180526',NULL,'null',2,1,0,'2018-05-26 16:42:03','2018-05-26 16:42:03',1,1),(30,'Bò húc','25000','20180527',NULL,'Mắc nhưng view đẹp',2,1,0,'2018-05-27 08:30:07','2018-05-27 08:30:07',1,10),(31,'Đổ xăng','50000','20180527',NULL,'null',6,1,0,'2018-05-27 08:01:01','2018-05-27 08:01:01',1,6),(33,'Thẻ cào','49000','20180528',NULL,'null',5,1,0,'2018-05-28 15:45:22','2018-05-28 15:45:22',1,NULL),(34,'Cà phê sữa','130000','20180530',NULL,'Mắc vl',2,1,0,'2018-05-30 01:32:51','2018-05-30 01:32:51',1,11),(35,'Bò húc','12000','20180530',NULL,'null',3,1,0,'2018-05-30 09:25:47','2018-05-30 09:25:47',1,12),(36,'Bò húc - đá chanh','45000','20180531',NULL,'null',2,1,0,'2018-05-31 15:33:17','2018-05-31 15:33:17',1,1),(37,'Bò húc - đá chanh','45000','20180430',NULL,'null',2,1,0,'2018-04-30 15:33:17','2018-04-30 15:33:17',1,NULL),(38,'Bò húc - đá chanh','45000','20180429',NULL,'null',2,1,0,'2018-04-29 15:33:17','2018-04-29 15:33:17',1,NULL),(39,'Chi tiêu nửa tháng đầu','1400000','20180504',NULL,'Chi tiêu nửa tháng đầu, ko nhớ chi tiết',7,1,0,'2018-05-03 17:01:01','2018-05-03 17:01:01',1,NULL),(40,'Thư giãn thứ 6','480000','20180601',NULL,'null',3,1,0,'2018-06-01 12:45:01','2018-06-01 12:45:01',1,5),(41,'Mì xào bò','20000','20180602',NULL,'null',1,1,0,'2018-06-02 02:45:01','2018-06-02 02:45:01',1,NULL),(42,'Bò húc','40000','20180603',NULL,'null',2,1,0,'2018-06-03 02:30:01','2018-06-03 02:30:01',1,2),(43,'Bò húc','22000','20180603',NULL,'null',2,1,0,'2018-06-03 08:30:01','2018-06-03 08:30:01',1,33),(44,'Bạc sỉu đá','17000','20180602',NULL,'null',2,1,0,'2018-06-02 03:07:45','2018-06-02 03:07:45',1,20),(45,'Bánh bao','18000','20180604',NULL,'null',1,1,0,'2018-06-04 04:32:18','2018-06-04 04:32:18',1,34),(46,'Họp mặt công ty cũ','140000','20180605',NULL,'null',1,1,0,'2018-06-05 18:19:46','2018-06-05 18:19:46',1,38),(47,'Trà đào - Mocha','67000','20180606',NULL,'null',2,1,0,'2018-06-06 20:35:08','2018-06-06 20:35:08',1,39),(48,'Bánh mì xíu mại','20000','20180607',NULL,'null',1,1,0,'2018-06-07 08:02:39','2018-06-07 08:02:39',1,40),(49,'Bò húc - mì xào trứng','40000','20180607',NULL,'null',2,1,0,'2018-06-07 18:03:01','2018-06-07 18:03:01',1,2),(50,'Thư giãn cuối tuần','500000','20180608',NULL,'null',3,1,0,'2018-06-08 19:30:08','2018-06-08 19:30:08',1,5),(51,'Cà phê sữa','25000','20180608',NULL,'null',2,1,0,'2018-06-08 16:30:58','2018-06-08 16:30:58',1,41),(52,'Bò húc','20000','20180608',NULL,'null',2,1,0,'2018-06-08 18:29:24','2018-06-08 18:29:24',1,1),(53,'Cơm chiên bò bằm','30000','20180608',NULL,'null',1,1,0,'2018-06-08 18:30:57','2018-06-08 18:30:57',1,42),(54,'Chanh muối - bò húc','45000','20180609',NULL,'null',2,1,0,'2018-06-09 20:31:32','2018-06-09 20:31:32',1,2),(55,'Thẻ cào','50000','20180610',NULL,'null',5,1,0,'2018-06-10 10:39:30','2018-06-10 10:39:30',1,43),(56,'2 Lon bò húc','26000','20180610',NULL,'null',2,1,0,'2018-06-10 10:04:39','2018-06-10 10:04:39',1,43),(57,'Đổ xăng','50000','20180610',NULL,'null',6,1,0,'2018-06-10 10:36:35','2018-06-10 10:36:35',1,44),(58,'Bò húc','12000','20180611',NULL,'null',1,1,0,'2018-06-11 15:58:12','2018-06-11 15:58:12',1,12),(59,'Bánh bao','12000','20180612',NULL,'null',1,1,0,'2018-06-12 08:30:36','2018-06-12 08:30:36',1,12),(60,'Cháo lòng','22000','20180612',NULL,'null',1,1,0,'2018-06-12 18:09:53','2018-06-12 18:09:53',1,45),(61,'Bò húc','20000','20180612',NULL,'null',2,1,0,'2018-06-12 18:23:12','2018-06-12 18:23:12',1,2),(63,'Xúc xích','10000','20180613',NULL,'null',1,1,0,'2018-06-13 16:01:18','2018-06-13 16:01:18',1,12),(64,'Ốc','102000','20180613',NULL,'null',1,1,0,'2018-06-13 20:01:37','2018-06-13 20:01:37',1,46),(66,'Ăn vặt','19000','20180614',NULL,'null',1,1,0,'2018-06-14 18:03:47','2018-06-15 08:55:26',1,12),(67,'Coffee tối','44000','20180614',NULL,'null',2,1,0,'2018-06-14 19:50:24','2018-06-14 19:50:24',1,33),(68,'Bánh mì thịt','20000','20180615',NULL,'null',1,1,0,'2018-06-15 08:01:07','2018-06-15 08:01:07',1,40),(69,'Ăn vặt','10000','20180615',NULL,'null',1,1,0,'2018-06-15 19:09:30','2018-06-15 19:09:30',1,12),(70,'Cơm sườn','25000','20180615',NULL,'null',1,1,0,'2018-06-15 19:10:44','2018-06-15 19:10:44',1,1),(71,'Bò húc','20000','20180615',NULL,'null',2,1,0,'2018-06-15 19:10:59','2018-06-15 19:10:59',1,1),(72,'Siêu thị','436000','20180615',NULL,'null',4,1,0,'2018-06-15 21:52:08','2018-06-15 21:52:08',1,9),(73,'Bò húc','18000','20180616',NULL,'null',2,1,0,'2018-06-18 09:07:51','2018-06-18 09:07:51',1,10),(74,'Bò húc','20000','20180616',NULL,'null',2,1,0,'2018-06-18 09:08:11','2018-06-18 09:08:11',1,1),(76,'Đổ xăng','20000','20180616',NULL,'null',6,1,0,'2018-06-18 09:09:07','2018-06-18 09:09:07',1,18),(77,'Bò húc','20000','20180617',NULL,'null',2,1,0,'2018-06-18 09:09:45','2018-06-18 09:09:45',1,2),(78,'Nem nướng - cafe','100000','20180617',NULL,'null',1,1,0,'2018-06-18 09:10:19','2018-06-18 09:10:19',1,1),(79,'Bánh bao','12000','20180618',NULL,'null',1,1,0,'2018-06-18 09:10:58','2018-06-18 09:10:58',1,12),(81,'Bánh sandwid','21000','20180620',NULL,'null',1,1,0,'2018-06-20 16:05:16','2018-06-20 16:05:16',1,12),(82,'Đổ xăng','50000','20180621',NULL,'null',6,1,0,'2018-06-23 01:03:39','2018-06-23 01:03:39',1,18),(83,'Thẻ cào + hủ tíu gõ + xôi','50000','20180621',NULL,'null',1,1,0,'2018-06-23 01:04:20','2018-06-23 01:04:20',1,32),(84,'Mì xào + bò húc','40000','20180621',NULL,'null',1,1,0,'2018-06-23 01:04:52','2018-06-23 01:04:52',1,2),(85,'Ăn vặt','10000','20180621',NULL,'null',1,1,0,'2018-06-23 01:06:08','2018-06-23 01:06:08',1,12),(86,'Bánh mì','20000','20180622',NULL,'null',1,1,0,'2018-06-23 01:06:28','2018-06-23 01:06:28',1,40),(87,'Cafe trưa','18000','20180622',NULL,'null',2,1,0,'2018-06-23 01:06:53','2018-06-23 01:06:53',1,12),(88,'Cơm sườn + bò húc','45000','20180622',NULL,'null',1,1,0,'2018-06-23 01:07:24','2018-06-23 01:07:24',1,1),(89,'Bò húc','18000','20180623',NULL,'null',2,1,0,'2018-06-24 09:46:02','2018-06-24 09:46:02',1,14),(90,'Thẻ cào dùm Tô','100000','20180623',NULL,'null',5,1,0,'2018-06-24 09:46:47','2018-06-24 09:46:47',1,32),(91,'Bò húc','25000','20180624',NULL,'null',2,1,0,'2018-06-25 16:47:20','2018-06-25 16:47:20',1,10),(92,'Thẻ cào','50000','20180624',NULL,'null',5,1,0,'2018-06-25 16:47:45','2018-06-25 16:47:45',1,32),(93,'Xúc xích','14000','20180625',NULL,'null',1,1,0,'2018-06-25 16:48:12','2018-06-25 16:48:12',1,12),(94,'Bánh bao xá xíu','15000','20180626',NULL,'null',1,1,0,'2018-06-26 15:07:35','2018-06-26 15:07:35',1,12),(95,'Đổ xăng','50000','20180627',NULL,'null',6,1,0,'2018-06-27 08:26:55','2018-06-27 08:26:55',1,47),(96,'Bánh mì','20000','20180629',NULL,'null',1,1,0,'2018-06-29 08:10:39','2018-06-29 08:10:39',1,40),(97,'Cà phê trưa','18000','20180629',NULL,'null',2,1,0,'2018-06-29 12:27:34','2018-06-29 12:27:34',1,47),(98,'Bò húc','18000','20180630',NULL,'null',2,1,0,'2018-06-30 09:10:42','2018-06-30 09:10:42',1,14),(99,'Sting dâu','20000','20180630',NULL,'null',2,1,0,'2018-06-30 15:29:18','2018-06-30 15:29:18',1,1),(100,'Phở Tàu Bay','190000','20180701',NULL,'null',1,1,0,'2018-07-01 07:15:56','2018-07-01 07:15:56',1,48),(101,'Ăn vặt','10000','20180702',NULL,'null',1,1,0,'2018-07-02 16:03:22','2018-07-02 16:03:22',1,12),(102,'Bún cá thố','74000','20180703',NULL,'null',1,1,0,'2018-07-03 19:33:20','2018-07-03 19:33:20',1,49),(103,'Bánh mì','20000','20180706',NULL,'null',1,1,0,'2018-07-06 19:00:46','2018-07-06 19:00:46',1,40),(105,'Xôi gà','20000','20180706',NULL,'null',1,1,0,'2018-07-06 19:01:28','2018-07-06 19:01:28',1,2),(106,'Bò húc','20000','20180706',NULL,'null',2,1,0,'2018-07-06 19:01:36','2018-07-06 19:01:36',1,2),(108,'Quỹ cty','50000','20180705',NULL,'null',7,1,0,'2018-07-06 19:02:28','2018-07-06 19:02:28',1,0),(109,'Bò húc','20000','20180707',NULL,'null',1,1,0,'2018-07-08 09:34:59','2018-07-08 09:34:59',1,1),(110,'Cháo lòng','20000','20180707',NULL,'null',1,1,0,'2018-07-08 09:35:25','2018-07-08 09:35:25',1,8),(111,'Đá chanh','14000','20180707',NULL,'null',2,1,0,'2018-07-08 09:35:49','2018-07-08 09:35:49',1,8),(112,'Đi chợ','80000','20180708',NULL,'null',4,1,0,'2018-07-08 09:36:47','2018-07-08 09:36:47',1,32),(113,'Đổ xăng','50000','20180703',NULL,'null',6,1,0,'2018-07-08 09:37:58','2018-07-08 09:37:58',1,47),(114,'Nhậu nhẹt','160000','20180709',NULL,'null',1,1,0,'2018-07-09 21:49:19','2018-07-09 21:49:19',1,32),(115,'Xôi mặn','10000','20180711',NULL,'null',1,1,0,'2018-07-11 07:02:24','2018-07-11 07:02:24',1,50),(116,'Ăn vặt','11500','20180711',NULL,'null',1,1,0,'2018-07-11 16:07:58','2018-07-11 16:07:58',1,12),(117,'Xôi mặn','10000','20180712',NULL,'null',1,1,0,'2018-07-12 08:01:32','2018-07-12 08:01:32',1,50),(118,'Xôi mặn','10000','20180713',NULL,'null',1,1,0,'2018-07-13 08:02:35','2018-07-13 08:02:35',1,50),(119,'Ăn sáng + bò húc','68000','20180714',NULL,'null',2,1,0,'2018-07-14 09:01:14','2018-07-14 09:01:14',1,14),(120,'Thư giãn cuối tuần','490000','20180714',NULL,'null',3,1,0,'2018-07-14 17:55:02','2018-07-14 17:55:02',1,5),(121,'Phở bò','54000','20180715',NULL,'null',1,1,0,'2018-07-15 10:55:39','2018-07-15 10:55:39',1,50),(122,'Cà phê đá','18000','20180715',NULL,'null',2,1,0,'2018-07-15 18:56:38','2018-07-15 18:56:38',1,10),(123,'Bánh bao','12000','20180716',NULL,'null',1,1,0,'2018-07-16 08:57:17','2018-07-16 08:57:17',1,12),(124,'Ăn vặt','14000','20180716',NULL,'null',1,1,0,'2018-07-16 16:37:29','2018-07-16 16:37:29',1,12),(125,'Xôi mặn','10000','20180717',NULL,'null',1,1,0,'2018-07-17 08:04:30','2018-07-17 08:04:30',1,50),(126,'Ăn vặt','15500','20180717',NULL,'null',1,1,0,'2018-07-17 16:17:17','2018-07-17 16:17:17',1,12),(127,'Siêu thị','100000','20180718',NULL,'null',4,1,0,'2018-07-18 16:32:49','2018-07-18 16:32:49',1,34),(128,'Ăn vặt','10000','20180718',NULL,'null',1,1,0,'2018-07-18 16:33:12','2018-07-18 16:33:12',1,12),(129,'Bò húc mì xào','35000','20180719',NULL,'null',1,1,0,'2018-07-20 19:07:35','2018-07-20 19:07:35',1,2),(130,'Đổ xăng','50000','20180720',NULL,'null',6,1,0,'2018-07-20 19:08:44','2018-07-20 19:08:44',1,18),(131,'Xôi mặn','10000','20180720',NULL,'null',1,1,0,'2018-07-20 19:08:57','2018-07-20 19:08:57',1,50),(132,'Cơm tấm','25000','20180720',NULL,'null',1,1,0,'2018-07-20 19:09:31','2018-07-20 19:09:31',1,41),(133,'Cfe sữa','15000','20180720',NULL,'null',1,1,0,'2018-07-22 09:41:02','2018-07-22 09:41:02',1,8),(134,'Bò húc','18000','20180721',NULL,'null',1,1,0,'2018-07-22 09:41:30','2018-07-22 09:41:30',1,10),(135,'Cơm chiên','18000','20180721',NULL,'null',1,1,0,'2018-07-22 09:41:45','2018-07-22 09:41:45',1,43),(136,'Bò húc','17000','20180721',NULL,'null',1,1,0,'2018-07-22 09:41:58','2018-07-22 09:41:58',1,48),(137,'Bánh bao','15000','20180726',NULL,'null',1,1,0,'2018-07-26 08:53:59','2018-07-26 08:53:59',1,12),(138,'Bò húc','22000','20180725',NULL,'null',2,1,0,'2018-07-25 20:52:43','2018-07-25 20:52:43',1,33),(139,'Xôi mặn','15000','20180724',NULL,'null',1,1,0,'2018-07-24 08:53:46','2018-07-24 08:53:46',1,50),(140,'Ăn vặt','14500','20180726',NULL,'null',1,1,0,'2018-07-26 16:53:32','2018-07-26 16:53:32',1,12),(141,'Mua vợt cầu lông','1120000','20180726',NULL,'null',4,1,0,'2018-07-26 19:56:46','2018-07-26 19:56:46',1,51),(142,'Bánh mì xíu mại','20000','20180727',NULL,'null',1,1,0,'2018-07-27 01:56:05','2018-07-27 01:56:05',1,40),(143,'Test','10000','20180101',NULL,'null',1,1,0,'2018-01-01 03:09:02','2018-01-01 03:09:02',1,51),(144,'Test 2','20000','20180102',NULL,'null',1,1,0,'2018-01-02 03:09:48','2018-01-02 03:09:48',1,51),(145,'Test 3','100000','20180203',NULL,'null',1,1,0,'2018-02-03 03:10:26','2018-02-03 03:10:26',1,51),(146,'Test 4','200000','20180201',NULL,'null',1,1,0,'2018-02-01 03:10:43','2018-02-01 03:10:43',1,51),(151,'Cà phê sữa','15000','20180727',NULL,'null',1,1,0,'2018-07-27 14:30:03','2018-07-27 14:30:03',1,7),(152,'Cccccc','60000','20180727',NULL,'null',4,1,0,'2018-07-27 15:28:17','2018-07-27 15:28:17',1,8),(159,'Bò húc','18000','20180728',NULL,NULL,2,1,0,'2018-07-28 09:22:56','2018-08-01 10:23:38',1,14),(160,'Bê thui','100000','20180728',NULL,NULL,1,1,0,'2018-07-28 11:28:08','2018-08-01 10:28:41',1,14),(161,'Sting dâu','20000','20180728',NULL,NULL,2,1,0,'2018-07-28 15:31:59','2018-08-01 10:32:38',1,1),(162,'Đổ xăng','50000','20180728',NULL,NULL,6,1,0,'2018-07-28 19:32:39','2018-08-01 10:33:31',1,18),(163,'Trà tắc','30000','20180728',NULL,NULL,2,1,0,'2018-07-28 00:00:00','2018-08-01 10:59:04',1,101275),(164,'Hủ tíu gọ','30000','20180728',NULL,NULL,1,1,0,'2018-07-28 00:00:00','2018-08-01 11:06:29',1,32),(165,'Bạc sỉu','29000','20180729',NULL,NULL,1,1,0,'2018-07-29 00:00:00','2018-08-01 11:26:27',1,128707),(166,'Bò húc','40000','20180729',NULL,NULL,2,1,0,'2018-07-29 00:00:00','2018-08-01 11:29:34',1,2),(167,'Ăn vặt','9000','20180730',NULL,NULL,1,1,0,'2018-07-30 00:00:00','2018-08-01 11:31:54',1,12),(168,'Bò húc','25000','20180730',NULL,NULL,2,1,0,'2018-07-30 00:00:00','2018-08-01 11:40:58',1,52),(169,'Ăn vặt','14000','20180731',NULL,NULL,1,1,0,'2018-07-31 16:25:12','2018-08-01 11:48:01',1,12),(170,'Coffe đá','20000','20180731',NULL,NULL,2,1,0,'2018-07-31 16:30:11','2018-08-01 11:48:45',1,52),(172,'Sting dâu','11000','20180801',NULL,NULL,1,1,0,'2018-08-01 16:34:38','2018-08-01 16:35:06',1,12),(171,'Bún bò huế','20000','20180801',NULL,'null',1,1,0,'2018-08-01 08:30:55','2018-08-02 15:18:44',1,87922),(177,'Test 1','15000','20180801',NULL,NULL,8,1,1,'2018-08-01 00:00:00','2018-08-02 15:56:46',1,70197),(178,'Test 2','50000','20180801',NULL,NULL,2,1,1,'2018-08-01 00:00:00','2018-08-02 16:12:11',1,50),(179,'Bò húc','25000','20180802',NULL,NULL,1,1,0,'2018-08-02 16:38:53','2018-08-02 16:39:29',1,52),(180,'Bún bò','20000','20180803',NULL,NULL,1,1,0,'2018-08-03 08:35:39','2018-08-03 08:35:39',1,87922),(181,'Ăn vặt','35000','20180803',NULL,NULL,1,1,0,'2018-08-03 15:50:37','2018-08-03 15:51:08',1,87922),(185,'Bò húc','18000','20180804',NULL,NULL,2,1,0,'2018-08-04 09:00:00','2018-08-06 15:16:05',1,20),(186,'Cơm sườn','20000','20180803',NULL,NULL,1,1,0,'2018-08-03 18:00:00','2018-08-06 15:22:34',1,2),(187,'Bò húc','20000','20180803',NULL,NULL,2,1,0,'2018-08-03 18:00:00','2018-08-06 15:22:57',1,2),(188,'Thẻ cào','50000','20180804',NULL,NULL,5,1,0,'2018-08-04 12:24:09','2018-08-06 15:24:42',1,32),(189,'Thư giãn','550000','20180804',NULL,NULL,3,1,0,'2018-08-04 15:26:12','2018-08-06 15:26:56',1,5),(190,'Tiền mừng cưới','300000','20180804',NULL,NULL,70209,1,0,'2018-08-04 15:38:21','2018-08-06 15:39:10',1,1),(191,'Bánh canh chả cá','131000','20180804',NULL,NULL,1,1,0,'2018-08-04 20:46:29','2018-08-06 15:47:33',1,100441),(192,'Cơm sườn','25000','20180805',NULL,NULL,1,1,0,'2018-08-05 09:00:00','2018-08-06 15:49:06',1,50),(193,'Ăn vặt','15000','20180806',NULL,NULL,1,1,0,'2018-08-06 16:05:50','2018-08-06 16:06:15',1,12),(85367,'Lipton đá','22000','20180805',NULL,NULL,2,1,0,'2018-08-05 12:00:00','2018-08-06 17:02:24',1,33),(113149,'Mua sách','200000','20180806',NULL,NULL,69258,1,0,'2018-08-06 20:00:00','2018-08-06 22:55:02',1,119890),(105122,'Bạc sỉu','28000','20180807',NULL,NULL,2,1,0,'2018-08-07 16:20:06','2018-08-07 16:20:30',1,52),(129989,'Đổ xăng','50000','20180807',NULL,NULL,6,1,0,'2018-08-07 16:46:09','2018-08-07 16:48:56',1,18),(75644,'Bún bò','20000','20180808',NULL,NULL,1,1,0,'2018-08-08 08:30:19','2018-08-08 11:40:31',1,87922),(85142,'Cà phê đá','16000','20180808',NULL,NULL,2,1,0,'2018-08-08 16:38:30','2018-08-08 16:41:19',1,80322),(67605,'Ăn  vât','14500','20180809',NULL,NULL,1,1,0,'2018-08-09 15:30:00','2018-08-09 23:01:44',1,12),(71606,'Cafe đá','16000','20180809',NULL,NULL,1,1,0,'2018-08-09 08:45:00','2018-08-09 23:01:07',1,80322),(81671,'Cơm chiên','30000','20180810',NULL,NULL,1,1,0,'2018-08-10 18:00:00','2018-08-11 11:03:27',1,2),(93784,'Bò húc','20000','20180811',NULL,NULL,1,1,0,'2018-08-11 19:10:46','2018-08-11 19:11:18',1,8),(96803,'Ăn sáng','36000','20180810',NULL,NULL,1,1,0,'2018-08-10 08:30:00','2018-08-11 11:06:17',1,87922),(106651,'Bún bò','20000','20180809',NULL,NULL,1,1,0,'2018-08-09 08:30:00','2018-08-09 23:00:33',1,87922),(121300,'Cháo lòng','20000','20180811',NULL,NULL,1,1,0,'2018-08-11 19:09:54','2018-08-11 19:10:45',1,76324),(123552,'Bò húc','20000','20180810',NULL,NULL,2,1,0,'2018-08-10 18:00:00','2018-08-11 11:03:46',1,2),(96673,'Cắt tóc','35000','20180812',NULL,NULL,93283,1,0,'2018-08-12 11:24:50','2018-08-12 11:25:59',1,82135),(99897,'Ăn đồ nướng','276000','20180811',NULL,NULL,1,1,0,'2018-08-11 20:23:37','2018-08-12 11:24:49',1,117739),(87636,'Bò húc','25000','20180812',NULL,NULL,2,1,0,'2018-08-12 16:00:00','2018-08-14 16:49:15',1,10),(89311,'Coffee sữa','35000','20180813',NULL,NULL,2,1,0,'2018-08-13 09:34:15','2018-08-13 09:34:49',1,80322),(96449,'Cafe sữa','18000','20180814',NULL,NULL,2,1,0,'2018-08-14 16:30:00','2018-08-14 16:52:46',1,80322),(99283,'Nhậu nhẹt','160000','20180813',NULL,NULL,1,1,0,'2018-08-13 18:00:00','2018-08-14 16:51:22',1,38),(100361,'Bò húc','20000','20180813',NULL,NULL,2,1,0,'2018-08-13 11:00:00','2018-08-14 16:50:35',1,8),(123276,'Bánh mì vú heo','20000','20180812',NULL,NULL,1,1,0,'2018-08-12 16:00:00','2018-08-14 16:49:41',1,10),(125473,'Bún bò','20000','20180814',NULL,NULL,1,1,0,'2018-08-14 08:00:00','2018-08-14 16:52:13',1,87922),(129367,'Cơm sườn','22000','20180813',NULL,NULL,1,1,0,'2018-08-13 09:33:35','2018-08-13 09:34:14',1,50),(98698,'Xúc xích','10000','20180815',NULL,NULL,1,1,0,'2018-08-15 16:00:00','2018-08-15 21:15:40',1,80322),(101531,'Xí muội','18000','20180815',NULL,NULL,2,1,0,'2018-08-15 16:00:00','2018-08-15 21:15:14',1,80322),(114866,'Đổ xăng','50000','20180814',NULL,NULL,6,1,0,'2018-08-14 17:30:00','2018-08-15 21:14:23',1,6),(119048,'Thẻ cào','40000','20180815',NULL,NULL,5,1,0,'2018-08-15 19:00:00','2018-08-15 21:16:12',1,80322),(68985,'Xí muội','18000','20180821',NULL,NULL,2,1,0,'2018-08-21 09:00:00','2018-08-21 09:19:01',1,80322),(71918,'The coffee house','80000','20180827',NULL,NULL,2,1,0,'2018-08-27 00:00:00','2018-08-28 18:05:34',1,128707),(72590,'Ăn sáng ăn vặt','30000','20180828',NULL,NULL,1,1,0,'2018-08-28 16:00:00','2018-08-28 18:03:48',1,80322),(77792,'Xí muội','18000','20180817',NULL,NULL,1,1,0,'2018-08-17 19:20:57','2018-08-17 19:24:32',1,87922),(79847,'Coi đá banh','35000','20180827',NULL,NULL,2,1,0,'2018-08-27 00:00:00','2018-08-28 18:07:36',1,52),(82685,'Bún bò','20000','20180817',NULL,NULL,1,1,0,'2018-08-17 08:00:00','2018-08-17 19:21:45',1,80322),(89318,'Bò húc','20000','20180817',NULL,NULL,1,1,0,'2018-08-17 18:20:00','2018-08-17 19:22:56',1,2),(89330,'Thẻ cào','50000','20180816',NULL,NULL,1,1,0,'2018-08-16 08:00:00','2018-08-17 19:25:24',1,87922),(92749,'Đổ xăng','50000','20180827',NULL,NULL,6,1,0,'2018-08-27 00:00:00','2018-08-28 18:04:47',1,6),(102730,'Bánh mì chả lụa','15000','20180827',NULL,NULL,1,1,0,'2018-08-27 00:00:00','2018-08-28 18:07:06',1,92495),(105762,'Xí muội','18000','20180817',NULL,NULL,1,1,0,'2018-08-17 00:00:00','2018-08-17 19:22:03',1,80322),(109776,'Ăn vặt','15000','20180820',NULL,NULL,1,1,0,'2018-08-20 16:00:00','2018-08-21 09:17:27',1,12),(116885,'Bò húc','32000','20180818',NULL,NULL,2,1,0,'2018-08-18 00:00:00','2018-08-19 09:18:12',1,14),(117510,'Đổ xăng','50000','20180820',NULL,NULL,6,1,0,'2018-08-20 18:00:00','2018-08-21 09:18:08',1,47),(119516,'Bún chả cá','153000','20180818',NULL,NULL,1,1,0,'2018-08-18 20:30:00','2018-08-19 09:21:13',1,121772),(119819,'Cơm bò','30000','20180817',NULL,NULL,1,1,0,'2018-08-17 18:00:00','2018-08-17 19:22:24',1,80322),(122760,'Hủ tíu xào','18000','20180818',NULL,NULL,1,1,0,'2018-08-18 16:00:00','2018-08-19 09:19:08',1,14),(122966,'Bánh mì','15000','20180816',NULL,NULL,1,1,0,'2018-08-16 08:00:00','2018-08-17 19:23:40',1,87922),(130903,'Thư giãn','390000','20180817',NULL,NULL,3,1,0,'2018-08-17 20:00:00','2018-08-18 00:23:59',1,109820),(65576,'Đổ xăng','50000','20180903',NULL,NULL,6,1,0,'2018-09-03 16:00:00','2018-09-03 17:18:43',1,6),(75181,'Mì xào','23000','20180903',NULL,NULL,1,1,0,'2018-09-03 17:00:00','2018-09-03 17:19:32',1,50),(101071,'Ăn tối','162000','20180902',NULL,NULL,1,1,0,'2018-09-02 19:00:00','2018-09-03 08:19:55',1,97899),(104909,'Ăn sáng','33000','20180901',NULL,NULL,1,1,0,'2018-09-01 09:21:28','2018-09-02 11:22:15',1,10),(105699,'Bò húc','20000','20180903',NULL,NULL,2,1,0,'2018-09-03 10:07:23','2018-09-03 10:07:57',1,8),(109298,'Ăn sáng','75000','20180902',NULL,NULL,1,1,0,'2018-09-02 08:22:17','2018-09-02 11:22:59',1,80022),(73884,'Bánh mì','12000','20180904',NULL,NULL,1,1,0,'2018-09-04 08:45:28','2018-09-04 09:46:06',1,87922),(77613,'Ăn vặt','4500','20180904',NULL,NULL,1,1,0,'2018-09-04 16:33:00','2018-09-04 16:33:35',1,12),(99474,'Ô long','15000','20180903',NULL,NULL,2,1,0,'2018-09-03 16:44:44','2018-09-04 09:45:22',1,52),(130904,'Bún bò','20000','20180905',NULL,NULL,1,1,0,'2018-09-05 08:39:37','2018-09-05 08:39:37',1,87922),(130905,'Cà phê đá','16000','20180905',NULL,NULL,2,1,0,'2018-09-05 08:39:55','2018-09-05 08:39:55',1,80322),(78543,'Cam vắt','40000','20180905',NULL,NULL,1,1,0,'2018-09-05 20:18:45','2018-09-06 00:19:21',1,2),(130906,'Bánh mì ốp la','12000','20180906',NULL,'null',1,1,0,'2018-09-06 08:01:54','2018-09-06 15:50:36',1,87922),(130907,'Xí muội','18000','20180906',NULL,NULL,2,1,0,'2018-09-06 16:02:52','2018-09-06 16:02:52',1,80322);
/*!40000 ALTER TABLE `actions` ENABLE KEYS */;
UNLOCK TABLES;

--
-- Table structure for table `locations`
--

DROP TABLE IF EXISTS `locations`;
/*!40101 SET @saved_cs_client     = @@character_set_client */;
/*!40101 SET character_set_client = utf8 */;
CREATE TABLE `locations` (
  `id` int(11) NOT NULL AUTO_INCREMENT,
  `name` varchar(255) DEFAULT NULL,
  `latlong` varchar(255) DEFAULT NULL,
  `is_sync` int(11) DEFAULT NULL,
  `desc_image` varchar(255) DEFAULT NULL,
  `address` varchar(255) DEFAULT NULL,
  `created_at` timestamp NULL DEFAULT CURRENT_TIMESTAMP,
  `updated_at` timestamp NULL DEFAULT CURRENT_TIMESTAMP,
  `user_id` int(11) DEFAULT NULL,
  PRIMARY KEY (`id`)
) ENGINE=MyISAM AUTO_INCREMENT=128708 DEFAULT CHARSET=utf8mb4;
/*!40101 SET character_set_client = @saved_cs_client */;

--
-- Dumping data for table `locations`
--

LOCK TABLES `locations` WRITE;
/*!40000 ALTER TABLE `locations` DISABLE KEYS */;
INSERT INTO `locations` VALUES (1,'Cafe Vòng Tròn','10.781337800901731, 106.66229143738747',1,'','G4 bis Trường Sơn, Cư xá Bắc Hải, Phường 15, Quận 10, Hồ Chí Minh, Việt Nam','2018-06-02 09:08:28','2018-09-06 18:28:01',1),(2,'Caphe La Trầm','10.782805416171115, 106.66249260306358',1,'','K4 Bửu Long, Cư xá Bắc Hải, Phường 15, Quận 10, Hồ Chí Minh, Việt Nam','2018-06-02 09:11:47','2018-09-06 18:28:01',1),(3,'Siêu thị Sài Gòn','10.768555807732435, 106.66769206523895',1,'','398 Đường 3/2, Phường 10, Quận 10, Hồ Chí Minh, Việt Nam','2018-06-02 09:14:34','2018-09-06 18:28:01',1),(4,'ROYAL TEA CAO THẮNG','10.770264584270205, 106.68210357427597',1,'','64 Cao Thắng, phường 4, Quận 3, Hồ Chí Minh, Việt Nam','2018-06-02 16:33:47','2018-09-06 18:28:01',1),(5,'MSMT','10.787432177943806, 106.65354609489441',1,'','508 Lý Thường Kiệt, phường 7, Tân Bình, Hồ Chí Minh, Việt Nam','2018-06-02 16:35:36','2018-09-06 18:28:01',1),(6,'Cửa Hàng Xăng Dầu Số 35','10.7825287567487, 106.68382287025452',1,'','70 Trương Định, phường 7, Quận 3, Hồ Chí Minh, Việt Nam','2018-06-02 17:17:50','2018-09-06 18:28:01',1),(7,'Milano Coffee','10.775037776849627, 106.67427957057953',1,'','334 Cao Thắng, Phường 12, Quận 10, Hồ Chí Minh, Việt Nam','2018-06-02 17:23:08','2018-09-06 18:28:01',1),(8,'Quán Cà Phê Hẻm','10.768197450898992, 106.65936648845673',1,'','Hẻm 284/7 Lý Thường Kiệt, phường 14, Quận 10, Hồ Chí Minh, Việt Nam','2018-06-02 17:24:28','2018-09-06 18:28:01',1),(9,'Big C Miền Đông','10.778484230435794, 106.66543364524841',1,'','138A Tô Hiến Thành, Cư xá Bắc Hải, Phường 15, Quận 10, Hồ Chí Minh, Việt Nam','2018-06-02 17:25:37','2018-09-06 18:28:01',1),(10,'Cafe Cây Si','10.820028277499157, 106.69088244438171',1,'','295 Phạm Văn Đồng, phường 1, Gò Vấp, Hồ Chí Minh, Việt Nam','2018-06-02 17:54:19','2018-09-06 18:28:01',1),(11,'The Coffee House Signature','10.78369204203445, 106.69451147317886',1,'','19 Phạm Ngọc Thạch, phường 6, Quận 3, Hồ Chí Minh, Việt Nam','2018-06-02 17:56:11','2018-09-06 18:28:01',1),(12,'Family Mart Phạm Ngọc Thạch','10.786040995098723, 106.69216856360435',1,'','57-59 Phạm Ngọc Thạch, phường 6, Quận 3, Hồ Chí Minh, Việt Nam','2018-06-02 17:57:06','2018-09-06 18:28:01',1),(13,'The Coffee Factory','10.77824709039819, 106.68906658887863',1,'','2A Trương Định, phường 6, Quận 3, Hồ Chí Minh, Việt Nam','2018-06-02 18:02:43','2018-09-06 18:28:01',1),(14,'Cà Phê Phúc Ân','10.817414818428288, 106.68607592582703',1,'','441/47 Đường số 7, phường 1, Gò Vấp, Hồ Chí Minh, Việt Nam','2018-06-02 18:05:37','2018-09-06 18:28:01',1),(15,'Quán A Mập','10.784328355865068, 106.6621533036232',1,'','206-212 Bắc Hải, Cư xá Bắc Hải, Phường 15, Quận 10, Hồ Chí Minh, Việt Nam','2018-06-02 18:09:35','2018-09-06 18:28:01',1),(16,'Nhà Thờ Đức Bà Sài Gòn (Notre dame Cathedral Saigon)','10.779741069515575, 106.6991114616394',1,'','2 Công xã Paris, Bến Nghé, Quận 1, Hồ Chí Minh, Việt Nam','2018-06-02 18:10:54','2018-09-06 18:28:01',1),(17,'Nhà thờ Tin lành Nguyễn Tri Phương','10.765883931083374, 106.66414082050323',1,'','3 Ngô Quyền, phường 8, Quận 10, Hồ Chí Minh, Việt Nam','2018-06-02 18:11:33','2018-09-06 18:28:01',1),(18,'Trạm xăng dầu Nguyễn Tri Phương','10.772279004608022, 106.6650527715683',1,'','47 Thành Thái, phường 14, Quận 10, Hồ Chí Minh, Việt Nam','2018-06-02 18:15:28','2018-09-06 18:28:01',1),(19,'Highlands Coffee','10.785334861950027, 106.6986072063446',1,'','1 Trần Cao Vân, Đa Kao, Quận 1, Hồ Chí Minh, Việt Nam','2018-06-02 18:16:20','2018-09-06 18:28:01',1),(20,'Gia Hân Coffee','10.767204062448288, 106.66097916662693',1,'','Hẻm 666/46/9 đường Ba Tháng Hai, phường 14, Quận 10, Hồ Chí Minh, Việt Nam','2018-06-03 12:46:39','2018-09-06 18:28:01',1),(28,'Phòng thu âm TMuzik','10.766184320764541, 106.66254758834839',1,'','24/8 Hẻm 606 Ba Tháng Hai, phường 14, Quận 10, Hồ Chí Minh, Việt Nam','2018-06-03 15:02:36','2018-09-06 18:28:01',1),(29,'ATM Agribank - Quận 10','10.76478249969053, 106.66281580924988',1,'','594 Bà Hạt, phường 6, Quận 10, Hồ Chí Minh, Việt Nam','2018-06-03 15:05:00','2018-09-06 18:28:01',1),(30,'Vietnam Australia International School','10.765715291131126, 106.6633415222168',1,'','594 Ba Tháng Hai, phường 14, Quận 10, Hồ Chí Minh, Việt Nam','2018-06-03 15:05:45','2018-09-06 18:28:01',1),(31,'Cửa hàng linh kiện điện thoại Thảo Duy','10.765515031065247, 106.66304111480713',1,'','560 Đường 3/2, phường 14, Quận 10, Hồ Chí Minh, Việt Nam','2018-06-03 15:09:21','2018-09-06 18:28:01',1),(32,'Chợ Nguyễn Tri Phương','10.764434678414318, 106.66366338729858',1,'','68 Nguyễn Lâm, phường 6, Quận 10, Hồ Chí Minh, Việt Nam','2018-06-03 15:10:24','2018-09-06 18:28:01',1),(33,'Cafe Sài Gòn Xưa','10.762916908147831, 106.66653871536255',1,'','136-140 Nguyễn Tiểu La, phường 5, Quận 10, Hồ Chí Minh, Việt Nam','2018-06-03 15:19:40','2018-09-06 18:28:01',1),(34,'Co.opmart Lý Thường Kiệt','10.759844453971498, 106.66154444217682',1,'','479 Hoà Hảo, phường 7, Quận 11, Hồ Chí Minh, Việt Nam','2018-06-03 15:31:11','2018-09-06 18:28:01',1),(35,'Lẩu Cá Cô Thư','10.766885228855989, 106.66028916835785',1,'','414 Lý Thường Kiệt, phường 14, Quận 10, Hồ Chí Minh, Việt Nam','2018-06-03 15:32:51','2018-09-06 18:28:01',1),(36,'Phát Đạt Computer','10.76367579423648, 106.66026771068573',1,'','140/1 Lý Thường Kiệt, phường 7, Quận 10, Hồ Chí Minh, Việt Nam','2018-06-03 15:33:28','2018-09-06 18:28:01',1),(37,'Cà Ri Dê Ớt Già','10.764339817996591, 106.665900349617',1,'','244 Nhật Tảo, phường 8, Quận 10, Hồ Chí Minh, Việt Nam','2018-06-03 15:35:36','2018-09-06 18:28:01',1),(38,'Quán 1331','10.791821739195171, 106.6608202457428',1,'','1331 Hoàng Sa','2018-06-05 22:37:09','2018-09-06 18:28:01',1),(39,'Turn Coffee','10.765841771104157, 106.66391015052795',1,'','635 Bis Đường 3/2, Q.10','2018-06-07 11:54:11','2018-09-06 18:28:01',1),(40,'Bánh mì Tiến Lợi','10.7649260269763, 106.66315718380724',1,'','102 Nguyễn Lâm P6 Q10','2018-06-08 01:02:00','2018-09-06 18:28:01',1),(41,'Cà phê Sáng','10.732372974122613, 106.68967604418026',1,'','Đường số 9A, Q. Bình Chánh','2018-06-11 16:28:47','2018-09-06 18:28:01',1),(42,'Cơm mì xào Cửu Long','10.781776597420153, 106.66208474169889',1,'','Đường Cửu Long, Q.10','2018-06-11 16:30:52','2018-09-06 18:28:01',1),(43,'Xa lộ Hà Nội','10.859322257052458, 106.78953409194946',1,'','39561-39567 Xa lộ Hà Nội, Linh Trung, Thủ Đức, Hồ Chí Minh, Việt Nam','2018-06-11 16:35:02','2018-09-06 18:28:01',1),(44,'Cây xăng Xa lộ Hà Nội','10.859880702252601, 106.78961992263794',1,'','Đường số 17, Linh Trung, Thủ Đức, Hồ Chí Minh, Việt Nam','2018-06-11 16:37:01','2018-09-06 18:28:01',1),(45,'Quán cháo lòng miền Nam','10.78414399651839, 106.66194501158031',1,'','432 Bắc Hải, Q10','2018-06-13 11:13:47','2018-09-06 18:28:01',1),(46,'Ốc Tuyết Nga','10.782987168078876, 106.6617291919681',1,'','11 Châu Thới, Q.10','2018-06-14 11:10:38','2018-09-06 18:28:01',1),(47,'Cây xăng Mipec','10.786890724021896, 106.69108226895332',1,'','95BIS Võ Thị Sáu, Phường 6, Quận 3','2018-06-27 15:09:49','2018-09-06 18:28:01',1),(48,'Phở Tàu Bay','10.767823283750358, 106.66846185922623',1,'','457 Lý Thái Tổ Tổ12 Khu phốI, Phường 9, Quận 10, Hồ Chí Minh, Việt Nam','2018-07-04 17:30:50','2018-09-06 18:28:01',1),(49,'Bún Cá Thố','10.749314605106981, 106.71581357717514',1,'','57/9BIS Đường Lâm Văn Bền, Tân Thuận Tây, Quận 7, Hồ Chí Minh, Việt Nam','2018-07-04 17:33:09','2018-09-06 18:28:01',1),(50,'Chung Cư Ấn Quang','10.764845739879423, 106.67106628417969',1,'','162a Vĩnh Viễn Tổ 70 Khu phố IV, Phường 9, Quận 10, Hồ Chí Minh, Việt Nam','2018-07-12 10:55:20','2018-09-06 18:28:01',1),(51,'Shop cầu lông VNBADMINTON','10.780002580970473, 106.67660303413868',1,'','15 Hoà Hưng, Phường 13, Quận 10, Hồ Chí Minh, Việt Nam','2018-07-27 13:55:40','2018-09-06 18:28:01',1),(52,'Aha Cafe','10.786719461021267, 106.69140949845314',1,'','77 Phạm Ngọc Thạch, phường 6, Quận 3, Hồ Chí Minh, Việt Nam','2018-07-27 19:11:08','2018-09-06 18:28:01',1),(70197,'Landmark 81','10.794667278871271, 106.72216773033142',1,'','101 Trần Trọng Kim, Phường 22, Bình Thạnh, Hồ Chí Minh, Việt Nam','2018-08-01 09:50:11','2018-09-06 18:28:01',1),(87922,'An Khanh Office Building','10.786246511151427, 106.69164553284645',1,'','63 Phạm Ngọc Thạch, Phường 6, Quận 3, Hồ Chí Minh, Việt Nam','2018-08-01 09:48:20','2018-09-06 18:28:01',1),(101275,'Công viên hầm vượt sông Sài Gòn','10.770326505828582, 106.71122431755066',1,'','Hầm Thủ Thiêm, Thủ Thiêm, Quận 1, Hồ Chí Minh, Việt Nam','2018-08-01 10:57:49','2018-09-06 18:28:01',1),(128707,'The Coffee House - Ba Tháng Hai','10.766121080856541, 106.66403084993362',1,'','570 Đường 3/2, Phường 14, Quận 10, Hồ Chí Minh, Việt Nam','2018-08-01 11:26:20','2018-09-06 18:28:01',1),(97438,'Bánh mì Chả Lụa','10.780028, 106.699040',1,NULL,'Bưu điện Q5','2018-08-06 15:47:03','2018-09-06 18:28:01',1),(100441,'Nem nướng Oanh Vy','10.780028, 106.699040',1,NULL,'131000','2018-08-06 15:45:09','2018-09-06 18:28:01',1),(119890,'Fahasa Lý Thường Kiệt','10.780028, 106.699040',1,NULL,'487 Lý Thường Kiệt Q10','2018-08-06 22:53:53','2018-09-06 18:28:01',1),(80322,'Chinh Coffee','10.780028, 106.699040',1,NULL,'Phạm Ngọc Thạch, Q3','2018-08-08 16:41:09','2018-09-06 18:28:01',1),(76324,'Chung cư C9','10.780028, 106.699040',1,NULL,'Q.10','2018-08-11 19:10:36','2018-09-06 18:28:01',1),(82135,'Lâm Thương','10.780028, 106.699040',1,NULL,'Q10','2018-08-12 11:25:51','2018-09-06 18:28:01',1),(117739,'Đệ Nhất BBQ','10.780028, 106.699040',1,NULL,'Trung Sơn, Q7','2018-08-12 11:24:34','2018-09-06 18:28:01',1),(92495,'Bánh mì chả lụa Q5','10.780028, 106.699040',1,NULL,'Q5','2018-08-28 18:06:58','2018-09-06 18:28:01',1),(109820,'Trường đua','10.780028, 106.699040',1,NULL,'Q10','2018-08-18 00:23:48','2018-09-06 18:28:01',1),(121772,'Nem nướng Oanh Vy','10.780028, 106.699040',1,NULL,'Q1','2018-08-19 09:20:28','2018-09-06 18:28:01',1),(80022,'Bò kho','10.780028, 106.699040',1,NULL,'Q10','2018-09-02 11:22:51','2018-09-06 18:28:01',1),(97899,'Nem nướng Oanh Vy','10.780028, 106.699040',1,NULL,'Q1','2018-09-03 08:19:42','2018-09-06 18:28:01',1),(80819,'Hồ con rùa','10.780028, 106.699040',1,NULL,'Q1','2018-09-06 16:36:24','2018-09-06 16:36:24',1),(97223,'Châu gia huy Coffee','10.780028, 106.699040',1,NULL,'Q3','2018-09-06 16:46:01','2018-09-06 16:46:01',1),(87582,'Hủ tiếu Nhân Quán','10.780028, 106.699040',1,NULL,'Q1','2018-09-06 16:48:27','2018-09-06 16:48:27',1),(83124,'Bún cá Thố','10.780028, 106.699040',1,NULL,'Q7','2018-09-06 16:57:06','2018-09-06 16:57:06',1);
/*!40000 ALTER TABLE `locations` ENABLE KEYS */;
UNLOCK TABLES;

--
-- Table structure for table `migrations`
--

DROP TABLE IF EXISTS `migrations`;
/*!40101 SET @saved_cs_client     = @@character_set_client */;
/*!40101 SET character_set_client = utf8 */;
CREATE TABLE `migrations` (
  `id` int(10) unsigned NOT NULL AUTO_INCREMENT,
  `migration` varchar(191) COLLATE utf8mb4_unicode_ci NOT NULL,
  `batch` int(11) NOT NULL,
  PRIMARY KEY (`id`)
) ENGINE=MyISAM AUTO_INCREMENT=3 DEFAULT CHARSET=utf8mb4 COLLATE=utf8mb4_unicode_ci;
/*!40101 SET character_set_client = @saved_cs_client */;

--
-- Dumping data for table `migrations`
--

LOCK TABLES `migrations` WRITE;
/*!40000 ALTER TABLE `migrations` DISABLE KEYS */;
INSERT INTO `migrations` VALUES (1,'2014_10_12_000000_create_users_table',1),(2,'2014_10_12_100000_create_password_resets_table',1);
/*!40000 ALTER TABLE `migrations` ENABLE KEYS */;
UNLOCK TABLES;

--
-- Table structure for table `password_resets`
--

DROP TABLE IF EXISTS `password_resets`;
/*!40101 SET @saved_cs_client     = @@character_set_client */;
/*!40101 SET character_set_client = utf8 */;
CREATE TABLE `password_resets` (
  `email` varchar(191) COLLATE utf8mb4_unicode_ci NOT NULL,
  `token` varchar(191) COLLATE utf8mb4_unicode_ci NOT NULL,
  `created_at` timestamp NULL DEFAULT NULL,
  KEY `password_resets_email_index` (`email`)
) ENGINE=MyISAM DEFAULT CHARSET=utf8mb4 COLLATE=utf8mb4_unicode_ci;
/*!40101 SET character_set_client = @saved_cs_client */;

--
-- Dumping data for table `password_resets`
--

LOCK TABLES `password_resets` WRITE;
/*!40000 ALTER TABLE `password_resets` DISABLE KEYS */;
/*!40000 ALTER TABLE `password_resets` ENABLE KEYS */;
UNLOCK TABLES;

--
-- Table structure for table `settings`
--

DROP TABLE IF EXISTS `settings`;
/*!40101 SET @saved_cs_client     = @@character_set_client */;
/*!40101 SET character_set_client = utf8 */;
CREATE TABLE `settings` (
  `key` varchar(255) COLLATE utf8_unicode_ci NOT NULL,
  `value` varchar(255) COLLATE utf8_unicode_ci NOT NULL,
  PRIMARY KEY (`key`)
) ENGINE=InnoDB DEFAULT CHARSET=utf8 COLLATE=utf8_unicode_ci;
/*!40101 SET character_set_client = @saved_cs_client */;

--
-- Dumping data for table `settings`
--

LOCK TABLES `settings` WRITE;
/*!40000 ALTER TABLE `settings` DISABLE KEYS */;
INSERT INTO `settings` VALUES ('AUTH_URI','/api/v1/auth'),('BACKUP_URI','/api/v1/backup'),('BUDGET','2500000'),('SERVER_URL','http://192.168.1.8'),('SYNC_URI','/api/v1/sync');
/*!40000 ALTER TABLE `settings` ENABLE KEYS */;
UNLOCK TABLES;

--
-- Table structure for table `types`
--

DROP TABLE IF EXISTS `types`;
/*!40101 SET @saved_cs_client     = @@character_set_client */;
/*!40101 SET character_set_client = utf8 */;
CREATE TABLE `types` (
  `id` int(11) NOT NULL,
  `name` varchar(255) DEFAULT NULL,
  `parent_id` int(11) DEFAULT NULL,
  `color` varchar(255) DEFAULT NULL,
  `icon` varchar(255) DEFAULT NULL,
  `is_sync` int(11) DEFAULT NULL,
  `order` int(11) DEFAULT NULL,
  `updated_at` timestamp NULL DEFAULT NULL,
  `created_at` timestamp NULL DEFAULT NULL,
  `user_id` int(11) DEFAULT '1',
  PRIMARY KEY (`id`)
) ENGINE=MyISAM DEFAULT CHARSET=utf8mb4;
/*!40101 SET character_set_client = @saved_cs_client */;

--
-- Dumping data for table `types`
--

LOCK TABLES `types` WRITE;
/*!40000 ALTER TABLE `types` DISABLE KEYS */;
INSERT INTO `types` VALUES (1,'Ăn uống',NULL,NULL,'https://cdn0.iconfinder.com/data/icons/kameleon-free-pack-rounded/110/Food-Dome-128.png',1,1,'2018-09-06 18:28:01','2018-08-01 10:05:53',1),(2,'Coffee',NULL,NULL,'https://cdn3.iconfinder.com/data/icons/breakfast/coffee-cup.png',1,2,'2018-09-06 18:28:01','2018-08-01 10:05:53',1),(8,'Sửa xe',NULL,NULL,'https://cdn2.iconfinder.com/data/icons/circle-icons-1/64/motorcycle-128.png',1,3,'2018-09-06 18:28:01','2018-08-01 10:05:53',1),(6,'Đổ xăng',NULL,NULL,'https://cdn0.iconfinder.com/data/icons/citycons/150/Citycons_fuel-128.png',1,4,'2018-09-06 18:28:01','2018-08-01 10:05:53',1),(5,'Vé số - thẻ cào',NULL,NULL,'https://cdn2.iconfinder.com/data/icons/circle-icons-1/64/creditcard-128.png',1,5,'2018-09-06 18:28:01','2018-08-01 10:05:53',1),(4,'Mua sắm',NULL,NULL,'https://cdn2.iconfinder.com/data/icons/circle-icons-1/64/cart-128.png',1,6,'2018-09-06 18:28:01','2018-08-01 10:05:53',1),(9,'Trà sữa',NULL,NULL,'https://cdn3.iconfinder.com/data/icons/pictograms-vol-2-3/400/cup-128.png',1,7,'2018-09-06 18:28:01','2018-08-01 10:05:53',1),(3,'Thư giãn',NULL,NULL,'https://cdn0.iconfinder.com/data/icons/streamline-emoji-1/48/250-man-getting-massage-1-128.png',1,8,'2018-09-06 18:28:01','2018-08-01 10:05:53',1),(7,'Khác',NULL,NULL,'https://cdn2.iconfinder.com/data/icons/metro-uinvert-dock/128/Other_Antivirus_Software.png',1,9999,'2018-09-06 18:28:01','2018-08-01 10:05:53',1),(128566,'Thể thao',NULL,NULL,'https://facebook.github.io/react-native/docs/assets/favicon.png',1,90,'2018-09-06 18:28:01','2018-08-01 10:05:53',1),(70209,'Đám cưới',NULL,NULL,'https://facebook.github.io/react-native/docs/assets/favicon.png',1,90,'2018-09-06 18:28:01','2018-08-06 15:37:07',1),(127347,'Trả nợ',NULL,NULL,'https://facebook.github.io/react-native/docs/assets/favicon.png',1,90,'2018-09-06 18:28:01','2018-08-06 15:38:39',1),(69258,'Học tập',NULL,NULL,'https://facebook.github.io/react-native/docs/assets/favicon.png',1,90,'2018-09-06 18:28:01','2018-08-06 22:52:42',1),(93283,'Cắt tóc',NULL,NULL,'https://facebook.github.io/react-native/docs/assets/favicon.png',1,90,'2018-09-06 18:28:01','2018-08-12 11:25:27',1),(8678,'Bún riêu',NULL,NULL,'f_1536593231.jpg',0,90,'2018-09-10 15:27:11','2018-09-10 15:27:11',1),(8936,'Hủ tiếu',NULL,NULL,'f_1536593176.png',0,90,'2018-09-10 15:26:16','2018-09-10 15:26:16',1),(5149,'Bún bò',NULL,NULL,'f_1536593198.png',0,90,'2018-09-10 15:26:38','2018-09-10 15:26:38',1),(2794,'Cơm sườn',NULL,NULL,'f_1536593145.jpg',0,90,'2018-09-10 15:25:45','2018-09-10 15:25:45',1);
/*!40000 ALTER TABLE `types` ENABLE KEYS */;
UNLOCK TABLES;

--
-- Table structure for table `users`
--

DROP TABLE IF EXISTS `users`;
/*!40101 SET @saved_cs_client     = @@character_set_client */;
/*!40101 SET character_set_client = utf8 */;
CREATE TABLE `users` (
  `id` int(10) unsigned NOT NULL AUTO_INCREMENT,
  `name` varchar(191) COLLATE utf8mb4_unicode_ci NOT NULL,
  `email` varchar(191) COLLATE utf8mb4_unicode_ci NOT NULL,
  `email_verified_at` timestamp NULL DEFAULT NULL,
  `password` varchar(191) COLLATE utf8mb4_unicode_ci NOT NULL,
  `role_id` int(11) NOT NULL,
  `remember_token` varchar(100) COLLATE utf8mb4_unicode_ci DEFAULT NULL,
  `created_at` timestamp NULL DEFAULT NULL,
  `updated_at` timestamp NULL DEFAULT NULL,
  PRIMARY KEY (`id`),
  UNIQUE KEY `users_email_unique` (`email`)
) ENGINE=MyISAM AUTO_INCREMENT=3 DEFAULT CHARSET=utf8mb4 COLLATE=utf8mb4_unicode_ci;
/*!40101 SET character_set_client = @saved_cs_client */;

--
-- Dumping data for table `users`
--

LOCK TABLES `users` WRITE;
/*!40000 ALTER TABLE `users` DISABLE KEYS */;
INSERT INTO `users` VALUES (1,'Administrator','admin@gmail.com',NULL,'$2y$10$JH6xk0sfPAb8EEuyJwRF6ezHl79X0bDBVo3ImhNENHQaFpKn1iFoq',1,'yZzJBfA3L9WmTPOz8v94G0EGHJ5knYjsPoIbthmP0jOwa0GEJAm6eBNfvQLy','2018-09-08 07:39:15','2018-09-08 07:39:15'),(2,'Basic user','user@gmail.com',NULL,'$2y$10$AMfVDKWbkRfX36mHXGYSze9w7P2F9Uc6tQL.x5yIJzXnRzobgKNKy',2,NULL,'2018-09-08 07:39:15','2018-09-08 07:39:15');
/*!40000 ALTER TABLE `users` ENABLE KEYS */;
UNLOCK TABLES;
/*!40103 SET TIME_ZONE=@OLD_TIME_ZONE */;

/*!40101 SET SQL_MODE=@OLD_SQL_MODE */;
/*!40014 SET FOREIGN_KEY_CHECKS=@OLD_FOREIGN_KEY_CHECKS */;
/*!40014 SET UNIQUE_CHECKS=@OLD_UNIQUE_CHECKS */;
/*!40101 SET CHARACTER_SET_CLIENT=@OLD_CHARACTER_SET_CLIENT */;
/*!40101 SET CHARACTER_SET_RESULTS=@OLD_CHARACTER_SET_RESULTS */;
/*!40101 SET COLLATION_CONNECTION=@OLD_COLLATION_CONNECTION */;
/*!40111 SET SQL_NOTES=@OLD_SQL_NOTES */;

-- Dump completed on 2018-09-17  0:00:03
